Date,Close,High,Low,Open,Volume
08-03-2021,,,,,
09-03-2021,993.5133057,1012.013272,983.0390448,983.265724,19506841
10-03-2021,993.4904785,1003.806063,973.3355161,997.5486965,15154484
12-03-2021,989.3642578,1004.39555,984.0591241,1000.722747,11519358
15-03-2021,969.2547607,1000.450805,963.0427294,995.2816784,16864952
16-03-2021,956.2411499,974.3783674,943.3636703,970.3655452,16698099
17-03-2021,952.4777222,963.9948871,950.165234,958.5536855,13873801
18-03-2021,931.9598999,953.5659093,922.7778916,951.3214251,19210236
19-03-2021,910.9888306,945.3135886,907.3160268,939.9177225,20647480
22-03-2021,944.0438843,950.323919,899.0635245,902.7816639,41787429
23-03-2021,935.1566162,940.4164144,921.916449,939.056159,18572478
24-03-2021,946.5377808,956.6039587,932.254709,934.9526119,17421165
25-03-2021,928.3098145,943.0236365,925.1811611,943.0236365,16822814
26-03-2021,902.9856567,931.3477881,900.0610147,931.3477881,22001648
30-03-2021,904.4366455,913.0745041,894.9372858,912.3036747,20180202
31-03-2021,920.1480713,929.0353374,903.0310289,910.4899758,20441701
01-04-2021,908.2681274,929.4887233,906.4090578,915.0243084,16250796
05-04-2021,916.7699585,920.4654298,908.2907755,915.0242884,11723312
06-04-2021,903.5071411,918.1982951,889.6774882,918.1756272,14875099
07-04-2021,899.7436523,909.1070043,892.8061281,908.6762538,14009194
08-04-2021,908.1547852,928.1284652,903.8245519,906.8625335,24266353
09-04-2021,909.2883911,916.8380097,903.688514,911.8502865,15369188
12-04-2021,898.7234497,909.7418005,897.7938849,906.1597286,14037885
13-04-2021,866.5751343,889.3600562,861.6327472,888.2718159,20901482
15-04-2021,875.9385376,879.9287521,869.6131669,872.4017415,19411189
16-04-2021,881.6063232,889.1786089,867.4139246,873.4445516,19723716
19-04-2021,876.074585,884.1456861,873.5126895,878.1150582,15656948
20-04-2021,862.2902222,868.9556717,856.9850881,863.3331266,18478808
22-04-2021,862.0408325,870.1345408,857.1891171,866.280394,17203668
23-04-2021,864.4213257,868.0714612,850.9544198,858.0052836,14490954
26-04-2021,863.4919434,870.0893297,859.4110567,864.2401049,11828857
27-04-2021,878.6817627,889.6321696,866.7338471,870.5880541,20846778
28-04-2021,901.7160645,905.5928792,878.8631385,879.6566358,19992524
29-04-2021,905.6382446,910.4899602,897.8619469,905.8876518,17122437
30-04-2021,917.7675781,927.0402589,910.1726237,917.2460959,17412606
03-05-2021,904.3687134,923.1860908,901.2173918,910.7167523,19828769
04-05-2021,888.2945557,897.3404974,881.0623479,891.4458771,23640186
05-05-2021,869.0463257,892.2620588,866.5071583,884.1909583,21849830
06-05-2021,870.6334229,878.9765389,865.1695531,872.1070779,12393609
07-05-2021,875.5756836,877.3894173,864.5119382,871.4267941,14624666
10-05-2021,875.9158325,886.7528396,873.3086014,878.6364032,12288548
11-05-2021,873.399292,882.7399763,871.0188,879.2032403,13941237
12-05-2021,876.5506592,878.9991549,866.053671,868.3208832,13478264
14-05-2021,867.4819946,876.4372642,864.6934201,875.1676805,13177961
17-05-2021,878.4324341,880.5635189,864.2400338,874.2381482,13291616
18-05-2021,888.8839722,890.2895634,875.3036667,878.43238,11873078
19-05-2021,901.3987427,908.0415246,894.3932139,898.2474211,12064918
20-05-2021,905.5248413,914.3214349,894.1664125,897.79382,16317002
21-05-2021,900.2423706,911.8048706,898.2472935,905.910251,11422532
24-05-2021,908.0187988,911.215456,900.5145162,903.235087,10785605
25-05-2021,900.3557739,911.3061808,898.7007755,910.4899556,8551760
26-05-2021,890.1536255,905.5022701,888.7253063,905.2301951,14780102
27-05-2021,893.2822876,897.5672453,891.1285348,895.5267721,7480204
28-05-2021,896.0255737,903.6885321,889.7455388,893.3956745,26819294
31-05-2021,949.8479004,954.4728771,902.3283099,902.3283099,56469931
01-06-2021,979.5475464,993.7852821,945.4268621,953.112488,59124142
02-06-2021,983.4470825,998.4556475,973.2901731,982.132103,28013832
03-06-2021,998.1155396,1001.856347,978.0511883,978.0511883,24630162
04-06-2021,1001.924377,1020.220331,995.7804103,1007.070776,23974257
07-06-2021,993.241272,1005.007785,990.4073014,1004.259624,14468646
08-06-2021,1009.972717,1016.592831,990.7472593,998.4556128,16336573
09-06-2021,1004.168823,1009.859372,996.7098769,1009.610025,9674735
10-06-2021,986.2130127,1007.070802,978.4819908,1006.163965,11409161
11-06-2021,989.8404541,1011.151722,987.3692305,994.5561021,14155653
14-06-2021,1007.009888,1013.766876,991.9717457,993.2458157,13762778
15-06-2021,1021.456543,1027.530942,998.7741617,1007.8517,20332436
16-06-2021,1023.776917,1035.106702,1019.363287,1028.782087,15174215
17-06-2021,1006.304565,1022.434741,1003.688245,1021.456502,10797349
18-06-2021,1008.1474,1016.951914,991.8807423,1001.026461,15745975
21-06-2021,1012.697449,1016.95185,993.9054594,1012.629208,29369026
22-06-2021,1017.975647,1022.639494,1001.094761,1002.619048,12186448
23-06-2021,1012.74292,1028.782167,1009.830829,1025.596992,12871913
24-06-2021,1003.460815,1024.050056,1001.799987,1023.777093,16653951
25-06-2021,979.8683472,1007.669572,973.725708,1004.143254,91461975
28-06-2021,957.5499878,979.8683558,946.9254774,979.8683558,55355022
29-06-2021,949.1550293,967.5830068,946.8799733,965.5354805,20277042
30-06-2021,949.9740601,959.6203313,948.2905451,950.7475767,27144063
01-07-2021,960.3711548,965.8312655,951.4529058,953.8189497,19762858
02-07-2021,954.5925293,966.0587979,953.2502185,963.7155009,12534407
05-07-2021,968.7433472,970.4951633,952.3174009,954.1602048,14086620
06-07-2021,978.3668213,979.8911076,969.8580781,972.1103871,11702287
07-07-2021,966.8095703,977.7753459,964.7165499,975.978096,10070124
08-07-2021,960.0981445,968.1518892,954.6152868,968.1518892,10454892
09-07-2021,952.1581421,963.2377121,946.8800072,963.2377121,11185460
12-07-2021,942.4208984,951.7486525,940.1003484,950.0650773,9037675
13-07-2021,948.2905884,956.207791,943.9224517,946.3112426,8585292
14-07-2021,955.3887939,956.9130804,950.0878517,955.5252757,6717133
15-07-2021,949.1550293,958.6420115,946.9937081,955.6844267,8532544
16-07-2021,947.4943237,953.2502049,945.7425076,953.2502049,9448356
19-07-2021,961.1674194,962.2367067,949.8831264,949.9513673,8828185
20-07-2021,955.0474854,966.4455126,951.9989126,955.5252315,8354449
22-07-2021,952.7041016,959.1653184,948.2450375,955.297675,6741464
23-07-2021,964.9439697,966.4000152,954.6834705,964.1704531,7972397
26-07-2021,958.1188965,971.2005002,956.4580681,971.2005002,9937030
27-07-2021,944.9917603,965.0805076,942.3754396,959.1653976,12389668
28-07-2021,935.0496826,948.1085383,929.1345729,944.9689778,10824523
29-07-2021,927.0187988,936.4147943,917.4180206,936.4147943,12897848
30-07-2021,934.253479,943.8770042,929.7716074,934.5947435,13765738
02-08-2021,926.0859985,940.942104,924.1748936,936.4147388,11350608
03-08-2021,943.0124512,946.1520118,928.7478264,934.7312372,10925104
04-08-2021,949.951355,951.4301475,939.2358562,950.9751483,11817299
05-08-2021,957.2315674,961.8954143,949.6100753,952.9771655,13169800
06-08-2021,971.109436,980.4598769,957.4590392,962.0318984,21252078
09-08-2021,950.5429077,976.8880893,945.8562535,969.1528623,16620987
10-08-2021,945.1281738,950.8841149,940.2822913,946.8799898,7494143
11-08-2021,950.0877686,961.4403616,943.5811181,947.3349665,11919198
12-08-2021,963.3969116,964.6254274,947.9720127,954.1373988,9184963
13-08-2021,960.3028564,967.446542,957.8002707,966.8550009,8137612
16-08-2021,976.2965088,978.2303606,959.5975997,963.3969421,12780901
17-08-2021,988.9685669,1002.391433,968.3337743,977.9800453,21935444
18-08-2021,984.7597046,994.2921806,977.2975018,986.8527849,12658169
20-08-2021,988.5819092,995.0203195,979.4589374,989.1961972,10075860
23-08-2021,977.4795532,988.286039,972.3606472,975.0907023,9426282
24-08-2021,983.8952637,989.1961456,970.22212,989.1961456,9854395
25-08-2021,993.6097412,997.3863366,980.8238494,985.123745,11864472
26-08-2021,1002.209473,1010.126735,991.97172,994.383318,13380559
27-08-2021,1014.881592,1021.456544,1003.301528,1004.666586,18589616
30-08-2021,1013.493774,1020.478292,1008.329434,1017.861911,10480636
31-08-2021,1032.990967,1035.539107,1017.770851,1023.777008,14027062
01-09-2021,1027.485474,1039.133718,1020.250739,1036.016904,26485463
02-09-2021,1031.557739,1043.297092,1029.692249,1034.242361,11145486
03-09-2021,1043.979614,1050.07676,1026.052128,1026.052128,9956770
06-09-2021,1086.796143,1089.753727,1047.665132,1051.077656,30664428
07-09-2021,1103.677246,1128.4299,1097.488992,1097.944052,33641710
08-09-2021,1110.638916,1118.419577,1097.489012,1105.679238,17349882
09-09-2021,1106.293457,1116.59951,1095.054658,1115.689512,14301651
13-09-2021,1103.677246,1109.251092,1099.354603,1104.723726,8963249
14-09-2021,1079.083862,1107.044319,1077.491335,1107.044319,16311160
15-09-2021,1077.673218,1089.298714,1076.558377,1080.65355,8908356
16-09-2021,1082.155151,1090.095041,1077.696027,1077.696027,9071075
17-09-2021,1104.860107,1108.750437,1077.013389,1083.633834,13448882
20-09-2021,1087.728882,1117.441211,1080.926461,1112.95934,34882133
21-09-2021,1089.45813,1100.378351,1078.378559,1079.334052,11779819
22-09-2021,1094.167358,1099.581975,1084.748557,1094.30384,9915736
23-09-2021,1105.906738,1111.139259,1091.232549,1095.668926,10995912
24-09-2021,1132.934448,1136.164996,1112.731907,1113.596412,15748397
27-09-2021,1129.658325,1140.009873,1124.789756,1139.145368,15192163
28-09-2021,1148.655029,1151.134928,1126.291287,1131.614916,15373834
29-09-2021,1159.393433,1167.060359,1143.354184,1153.000456,18035258
30-09-2021,1150.202148,1169.380836,1146.653023,1169.380836,9719875
01-10-2021,1146.28894,1153.273457,1137.68927,1148.905321,13590654
04-10-2021,1148.313843,1155.639564,1135.255047,1138.417355,8958928
05-10-2021,1163.078979,1171.587663,1154.3882,1161.645681,10918552
06-10-2021,1187.217407,1188.491477,1159.074855,1162.601235,13533634
07-10-2021,1164.762573,1192.108741,1160.781255,1192.108741,10258881
08-10-2021,1170.4729,1182.462468,1168.334326,1180.756086,6336665
11-10-2021,1215.450928,1221.434339,1174.613532,1176.319794,15772493
12-10-2021,1206.987549,1237.632624,1203.666013,1229.169435,14768666
13-10-2021,1213.881104,1220.79738,1201.800546,1203.506929,6682011
14-10-2021,1226.234619,1237.405177,1214.563508,1218.977139,9959762
18-10-2021,1228.714355,1236.472389,1222.708198,1228.691609,8623469
19-10-2021,1231.990601,1249.007967,1211.378494,1214.245091,13594479
20-10-2021,1243.024658,1251.897414,1232.172677,1239.361797,8833409
21-10-2021,1228.714355,1247.98415,1224.664797,1247.98415,12710570
22-10-2021,1193.269043,1241.272811,1184.487276,1240.999848,20831669
25-10-2021,1195.498657,1212.561639,1188.263923,1192.131507,11027475
26-10-2021,1183.85022,1219.432227,1169.380873,1219.432227,17198417
27-10-2021,1210.80957,1214.381443,1184.464392,1190.811874,9750178
28-10-2021,1195.498657,1217.976256,1192.10876,1206.691963,9896298
29-10-2021,1182.394043,1200.298779,1178.708556,1192.131301,9886181
01-11-2021,1154.02417,1181.279347,1138.303501,1181.279347,14233025
02-11-2021,1154.729492,1163.010706,1134.845409,1154.024216,15481114
03-11-2021,1137.894165,1159.370779,1135.368892,1158.005721,10569130
04-11-2021,1130.067871,1146.630298,1119.784565,1140.282816,11989430
08-11-2021,1137.006836,1139.759698,1132.980024,1134.322214,1705656
09-11-2021,1138.41748,1146.630454,1117.691636,1146.357371,20337183
10-11-2021,1147.403931,1150.679973,1131.637765,1139.805245,15682497
11-11-2021,1160.235107,1163.920715,1139.190809,1145.128726,10253470
12-11-2021,1162.351074,1169.608435,1153.705788,1155.753375,10722478
15-11-2021,1179.891724,1182.462611,1163.465777,1166.150398,8712341
16-11-2021,1172.929932,1184.032248,1169.380806,1183.031142,4803269
17-11-2021,1145.674805,1171.655914,1135.255017,1170.313603,11337581
18-11-2021,1121.14978,1137.052428,1119.784722,1137.052428,10202029
22-11-2021,1125.381226,1132.524972,1114.802208,1119.329574,8505625
23-11-2021,1075.534668,1114.324477,1069.733233,1108.454801,24124307
24-11-2021,1085.590454,1092.597719,1050.622853,1061.565822,25326999
25-11-2021,1069.915405,1096.533552,1066.343532,1082.928708,16820296
26-11-2021,1134.322144,1138.440064,1072.531559,1079.743546,42401936
29-11-2021,1097.761963,1127.33769,1092.711298,1122.878566,15763138
30-11-2021,1110.911865,1137.530131,1091.619322,1109.819891,24325354
01-12-2021,1094.485718,1126.564088,1086.955275,1122.969469,32172299
02-12-2021,1122.514771,1125.699825,1103.449696,1107.044316,10104610
03-12-2021,1129.726685,1135.801084,1120.057665,1123.743273,12720411
06-12-2021,1095.782715,1136.84758,1092.028866,1136.802086,19222481
07-12-2021,1075.011353,1103.40412,1072.531574,1099.309067,10332254
08-12-2021,1083.770386,1093.848849,1073.828404,1081.176872,11235122
09-12-2021,1100.264526,1106.498153,1094.895404,1102.994642,8744178
10-12-2021,1117.714233,1126.109182,1103.404115,1107.954227,13213547
13-12-2021,1118.851807,1122.059608,1105.838385,1110.343003,8364414
14-12-2021,1096.4198,1125.745314,1093.848913,1125.472351,12901733
15-12-2021,1082.996826,1094.758925,1079.925507,1082.928585,12991523
16-12-2021,1079.834595,1094.303942,1074.32887,1084.748658,9366969
17-12-2021,1093.803223,1099.081357,1077.764097,1094.622233,9761279
20-12-2021,1064.932861,1095.668925,1055.627794,1091.14156,21049821
21-12-2021,1036.22168,1054.649598,1022.457488,1054.649598,14325846
22-12-2021,1051.646484,1067.458142,1042.978573,1051.691978,12836561
23-12-2021,1076.603882,1079.243009,1056.537943,1057.857386,17658543
24-12-2021,1076.217163,1082.928596,1072.941121,1080.198481,9072401
27-12-2021,1079.652588,1088.388741,1063.61334,1078.378518,7886494
28-12-2021,1078.492188,1082.018566,1068.413724,1074.533617,4017223
29-12-2021,1091.300903,1094.235742,1079.766393,1080.926608,6374613
30-12-2021,1093.166382,1100.674079,1083.884062,1087.933741,15425312
31-12-2021,1073.418945,1094.281271,1067.276305,1092.028961,29333171
03-01-2022,1077.536743,1084.703116,1073.828389,1079.743558,9477290
04-01-2022,1093.780518,1095.646128,1075.443589,1076.10337,5421611
05-01-2022,1118.465088,1119.784652,1093.848914,1099.263652,10847728
06-01-2022,1123.697632,1127.064782,1107.02147,1120.239614,11643813
07-01-2022,1099.536499,1116.599479,1096.123855,1115.325409,14447422
10-01-2022,1108.409302,1118.442271,1097.284238,1106.111499,13112115
11-01-2022,1109.319336,1117.964622,1099.33186,1115.689565,9246731
12-01-2022,1117.30481,1126.13195,1107.954248,1108.409308,16205164
13-01-2022,1147.130859,1148.882736,1121.604687,1124.471284,14800442
14-01-2022,1153.592041,1156.185675,1141.352255,1147.199185,11856712
17-01-2022,1155.275513,1168.152333,1149.292102,1153.455516,19930176
18-01-2022,1161.304321,1167.105756,1154.365419,1154.820478,8036453
19-01-2022,1147.449219,1165.899882,1144.696357,1162.441865,6215029
20-01-2022,1147.358276,1156.640476,1141.625082,1151.180366,9755485
21-01-2022,1127.269653,1142.05758,1117.054587,1137.552961,16494486
24-01-2022,1127.451538,1138.553855,1115.689559,1115.689559,13338594
25-01-2022,1081.973022,1139.691297,1071.598729,1126.154576,21868937
27-01-2022,1079.857178,1086.864321,1048.802539,1069.073319,24510205
28-01-2022,1063.863525,1072.053751,1051.5555,1062.908033,20020431
31-01-2022,1062.839844,1081.06304,1059.450067,1076.103482,14667727
01-02-2022,1085.931763,1094.941,1072.099329,1073.919447,12143683
02-02-2022,1082.337158,1101.402113,1067.958798,1095.669038,13200509
03-02-2022,1084.543823,1095.213827,1080.698987,1095.213827,10017691
04-02-2022,1070.529541,1092.688682,1068.004268,1088.388786,9572839
07-02-2022,1060.769531,1068.573059,1056.128431,1065.183162,11061241
08-02-2022,1054.308472,1072.37244,1048.802746,1065.638259,10714467
09-02-2022,1072.031006,1073.828376,1051.077695,1060.47375,12060849
10-02-2022,1084.521118,1086.204633,1072.918369,1078.901659,11486225
11-02-2022,1083.406494,1090.072314,1076.149013,1090.072314,12464491
14-02-2022,1081.290527,1084.976135,1066.593591,1079.857229,15943370
15-02-2022,1064.068481,1071.530685,1052.442863,1064.841998,10719633
16-02-2022,1100.196411,1102.90378,1062.771657,1069.824296,11212671
17-02-2022,1097.921265,1107.044236,1090.186098,1105.679178,10392840
18-02-2022,1111.821777,1117.008924,1096.578914,1101.17452,12853252
21-02-2022,1103.131226,1117.691561,1101.197374,1112.23145,6775458
22-02-2022,1091.983398,1109.091874,1085.021748,1097.489003,11107193
23-02-2022,1087.023682,1090.163363,1067.981475,1070.597736,13494914
24-02-2022,1080.221313,1095.009239,1077.468571,1092.52946,7310110
25-02-2022,1026.393311,1064.682686,1020.773971,1048.802667,24846650
28-02-2022,1039.224731,1050.144952,1035.721099,1037.472855,14570089
02-03-2022,1073.623535,1077.172661,1020.59197,1020.59197,21297446
03-03-2022,1091.369019,1092.48386,1059.813945,1062.202736,21471786
04-03-2022,1082.155151,1098.78582,1078.401303,1092.028893,10186748
07-03-2022,1058.15332,1075.784977,1055.787276,1070.643323,10805667
08-03-2022,1019.022217,1052.033337,1011.036713,1036.835847,17983310
09-03-2022,1017.179321,1021.957023,991.9261753,1006.25904,21289374
10-03-2022,1071.143677,1077.013352,1016.564962,1017.40684,20414228
11-03-2022,1088.502441,1094.303876,1073.828372,1092.02882,17980493
14-03-2022,1091.64209,1097.03408,1081.131313,1081.131313,12257423
15-03-2022,1100.605713,1103.131106,1080.19845,1086.068126,8340678
16-03-2022,1075.398193,1104.746453,1065.114887,1104.746453,15925769
17-03-2022,1093.553223,1095.623556,1081.609147,1083.83871,11149828
21-03-2022,1129.203369,1136.346995,1098.899497,1106.930494,21422098
22-03-2022,1122.696655,1130.249846,1109.774342,1112.049398,11999466
23-03-2022,1151.703857,1153.432867,1116.417677,1119.375142,22557065
24-03-2022,1155.366455,1167.037566,1147.99536,1147.99536,15462187
25-03-2022,1173.316772,1175.819419,1142.080273,1142.080273,13168266
28-03-2022,1181.142944,1190.311409,1172.5659,1175.068546,14222488
29-03-2022,1193.018799,1196.567804,1176.888563,1187.581315,9891424
30-03-2022,1193.291748,1200.321639,1186.398339,1200.321639,8684065
31-03-2022,1216.224487,1223.072403,1190.812051,1201.186345,15811550
01-04-2022,1198.842896,1214.745662,1196.04466,1212.58434,13223718
04-04-2022,1208.443726,1212.675381,1193.041632,1199.411741,7922880
05-04-2022,1212.015625,1217.157279,1201.982654,1208.261776,7929162
06-04-2022,1194.884277,1214.836602,1192.449993,1206.282305,13149870
07-04-2022,1191.699341,1198.729232,1177.161752,1177.161752,12257215
08-04-2022,1170.677734,1185.76137,1168.01586,1180.801692,15496499
11-04-2022,1190.152344,1194.406746,1164.830893,1164.830893,15152495
12-04-2022,1187.672485,1200.572053,1175.296098,1183.031265,9254209
13-04-2022,1165.308472,1184.214195,1162.737585,1177.115943,13217742
18-04-2022,1161.031372,1179.664132,1158.233016,1171.428413,10354235
19-04-2022,1157.4823,1164.739781,1147.44933,1152.545489,9974224
20-04-2022,1201.595703,1213.97209,1160.758429,1163.920737,26141820
21-04-2022,1236.927368,1244.002873,1205.372294,1209.012408,25072240
22-04-2022,1265.888916,1269.028476,1243.092742,1251.692533,21708633
25-04-2022,1255.287231,1274.943726,1248.644039,1255.332725,15054154
26-04-2022,1226.257446,1255.105154,1211.992821,1247.825046,17063215
27-04-2022,1262.953979,1271.758492,1232.035943,1233.082423,12227666
28-04-2022,1264.182617,1286.773948,1253.580734,1253.944805,19338945
29-04-2022,1283.065674,1297.239311,1267.708955,1278.561056,25614076
02-05-2022,1269.59729,1299.582584,1263.704867,1299.582584,18214862
04-05-2022,1265.138184,1276.536211,1254.945865,1256.743235,9467006
05-05-2022,1225.643066,1269.483539,1217.748671,1267.208483,19247660
06-05-2022,1201.641113,1242.182674,1197.591555,1239.225089,17210669
09-05-2022,1192.427246,1209.876925,1180.096353,1188.58241,19649948
10-05-2022,1145.856812,1181.711783,1140.715158,1171.633199,18083752
11-05-2022,1125.995483,1149.633417,1118.419545,1135.255057,19511677
12-05-2022,1114.460938,1130.682161,1102.01631,1125.085448,16643899
13-05-2022,1091.755859,1107.885974,1078.378487,1104.541691,20490321
16-05-2022,1104.13208,1127.519674,1099.013174,1103.859117,19308778
17-05-2022,1104.405151,1128.884719,1099.604703,1107.70394,13437911
18-05-2022,1150.793579,1155.685016,1106.589155,1107.999707,16551828
19-05-2022,1154.979736,1169.380842,1141.283906,1155.571277,17276788
20-05-2022,1128.361572,1143.217739,1122.082451,1130.24993,14699118
23-05-2022,1194.15625,1203.233727,1138.440064,1143.217645,21793091
24-05-2022,1186.170898,1207.397173,1179.846163,1197.364083,15252755
25-05-2022,1190.243164,1200.321627,1181.984697,1186.216352,13527818
26-05-2022,1188.491455,1208.830478,1183.713753,1198.956737,12714544
27-05-2022,1177.161621,1198.911195,1159.370618,1194.133493,17882023
30-05-2022,1171.701416,1185.374499,1155.776024,1179.868895,16521973
31-05-2022,1212.515991,1216.702032,1180.392124,1189.856299,13853398
01-06-2022,1197.887329,1218.886133,1190.17491,1201.868647,70620653
02-06-2022,1198.274292,1208.148034,1190.402523,1198.638243,9776989
03-06-2022,1239.589233,1243.297588,1198.501623,1198.501623,22126569
06-06-2022,1264.705933,1281.928143,1247.642951,1248.55307,23939791
07-06-2022,1259.268433,1280.403718,1252.10194,1264.933386,11093152
08-06-2022,1261.634644,1269.984099,1252.215961,1260.337827,12358255
09-06-2022,1239.475464,1265.388331,1235.949085,1261.634482,12479250
10-06-2022,1273.464844,1275.398575,1233.08251,1233.08251,17278305
13-06-2022,1235.016479,1269.438153,1229.215044,1261.247927,18093057
14-06-2022,1211.651611,1216.15623,1190.448081,1205.782055,17620803
15-06-2022,1195.817017,1215.723847,1189.151077,1205.804612,14714312
16-06-2022,1181.347656,1200.003164,1175.93304,1191.016674,11195535
17-06-2022,1164.830811,1209.899742,1162.100695,1193.496542,17111475
20-06-2022,1178.481201,1194.338354,1163.05636,1164.830863,24457187
21-06-2022,1157.118408,1190.812059,1147.130812,1185.306334,12066797
22-06-2022,1175.796631,1180.028165,1150.406942,1164.830795,11720049
23-06-2022,1140.078125,1164.057262,1137.985044,1163.966274,10617206
24-06-2022,1121.581787,1148.905326,1112.50431,1144.377961,19446323
27-06-2022,1137.552856,1142.535161,1122.969654,1128.429885,14240234
28-06-2022,1134.185791,1157.982955,1129.135125,1157.982955,15474529
29-06-2022,1150.133789,1152.977639,1129.385322,1129.385322,13572847
30-06-2022,1173.999268,1181.666314,1137.985067,1140.80617,19205146
01-07-2022,1181.052124,1190.266084,1167.561015,1173.931124,23112959
04-07-2022,1095.987549,1179.391238,1076.103583,1171.610576,81997149
05-07-2022,1098.262451,1111.139271,1076.603865,1082.450794,41857728
06-07-2022,1107.157959,1121.559065,1099.809491,1102.494112,17647327
07-07-2022,1097.420776,1111.116608,1086.568796,1101.174625,23943726
08-07-2022,1086.614136,1107.15788,1080.653472,1103.813597,23301033
11-07-2022,1088.115845,1100.219149,1084.088912,1100.219149,19010108
12-07-2022,1102.903687,1105.133128,1078.378503,1081.336088,13847467
13-07-2022,1101.33374,1110.09276,1093.84879,1093.84879,10778989
14-07-2022,1081.813843,1107.499363,1079.743629,1104.450791,14224132
15-07-2022,1090.732056,1107.47658,1081.540843,1086.568762,16970315
18-07-2022,1092.8479,1098.854058,1084.339217,1098.854058,9603210
19-07-2022,1102.152832,1103.404035,1088.525123,1101.584038,15160908
20-07-2022,1108.90979,1113.414408,1092.165267,1092.165267,16439888
21-07-2022,1138.895142,1156.868123,1131.273709,1155.730655,23924246
22-07-2022,1131.296387,1137.530135,1122.651221,1134.800019,16523230
25-07-2022,1138.940552,1144.946709,1135.254944,1137.53,10969995
26-07-2022,1101.311157,1122.71953,1093.394014,1122.71953,23110452
27-07-2022,1101.811646,1112.003965,1097.193292,1101.62967,11303288
28-07-2022,1100.765137,1104.314142,1092.938862,1101.106341,8655086
29-07-2022,1118.01001,1122.94682,1101.584065,1108.409233,12496073
01-08-2022,1141.829956,1145.310841,1121.149727,1126.018297,15130683
02-08-2022,1171.587646,1177.457322,1140.988065,1146.243453,15700044
03-08-2022,1176.046753,1186.580275,1165.535978,1170.518402,13917913
04-08-2022,1185.92041,1187.581178,1168.220517,1183.031066,14250977
05-08-2022,1170.245483,1191.107809,1153.455585,1187.581429,14467127
08-08-2022,1153.000488,1173.385006,1149.792687,1172.111057,13942438
10-08-2022,1168.084106,1175.54631,1151.635413,1151.635413,10165178
11-08-2022,1175.068726,1178.435756,1163.488601,1172.520585,10724688
12-08-2022,1178.981567,1187.535744,1174.02189,1184.441678,8198226
16-08-2022,1198.046631,1201.845973,1174.932118,1178.617606,12650587
17-08-2022,1206.373413,1209.103529,1195.453191,1204.052863,6607378
18-08-2022,1212.675293,1218.021669,1208.307156,1212.607052,6595965
19-08-2022,1214.874512,1218.389455,1205.242409,1214.281041,7410035
22-08-2022,1193.213623,1215.056981,1189.150731,1209.715983,9460724
23-08-2022,1189.904053,1201.179521,1180.500282,1194.651701,9471680
24-08-2022,1208.255249,1211.176841,1182.942469,1184.152232,9678484
25-08-2022,1205.036987,1218.846089,1203.028483,1205.196856,10369622
26-08-2022,1201.521851,1215.604684,1197.207926,1209.236612,7871946
29-08-2022,1195.108154,1209.716117,1190.086773,1201.955592,10742038
30-08-2022,1185.818481,1211.998588,1176.871134,1180.04376,19838975
01-09-2022,1204.215332,1207.547827,1176.209288,1193.282301,23139054
02-09-2022,1168.813965,1189.150887,1164.385933,1178.971076,19909939
05-09-2022,1155.164673,1175.638521,1152.973478,1168.813905,12999345
06-09-2022,1173.105103,1178.446102,1155.392977,1155.392977,11327815
07-09-2022,1185.453247,1189.630246,1174.109315,1174.565859,10899618
08-09-2022,1178.560181,1184.563114,1173.196361,1175.47884,7488501
09-09-2022,1180.226318,1185.978219,1173.652856,1181.527366,7057077
12-09-2022,1172.876831,1191.45616,1170.457304,1191.45616,8314850
13-09-2022,1186.001099,1192.369292,1173.447403,1173.447403,7435419
14-09-2022,1195.906982,1200.449119,1187.347716,1195.108121,8888657
15-09-2022,1181.572998,1191.456134,1174.451707,1175.47878,8678219
16-09-2022,1169.863892,1188.511684,1167.14769,1179.130735,10365600
19-09-2022,1140.876343,1165.435905,1137.133067,1161.213264,20217708
20-09-2022,1142.359863,1151.603885,1132.727761,1140.876246,7580254
21-09-2022,1142.54248,1158.451491,1138.822026,1151.489827,8411448
22-09-2022,1145.692505,1156.306039,1138.959173,1139.758035,9207309
23-09-2022,1134.89624,1142.611003,1128.505347,1134.850598,10308170
26-09-2022,1113.623535,1139.39274,1112.071454,1134.39418,9528051
27-09-2022,1085.252197,1103.717541,1084.247945,1092.875675,12479523
28-09-2022,1093.880005,1107.460773,1077.377645,1092.852811,16154822
29-09-2022,1064.755493,1085.548958,1062.313266,1077.491757,16997059
30-09-2022,1061.491577,1080.755661,1055.876604,1077.332003,14671827
03-10-2022,1085.434814,1096.504771,1054.963606,1054.963606,18613024
04-10-2022,1081.668823,1103.329493,1078.701588,1091.711707,11852723
06-10-2022,1101.617676,1103.80887,1091.095426,1094.587669,8948850
07-10-2022,1105.68042,1118.416685,1103.877306,1108.830345,13352162
10-10-2022,1110.359619,1115.632154,1102.279597,1102.279597,7714340
11-10-2022,1098.239624,1103.626265,1090.11396,1097.874365,6329527
12-10-2022,1076.373413,1101.982871,1073.269251,1101.982871,9215177
13-10-2022,1084.293701,1087.238115,1069.617274,1073.680166,7417103
14-10-2022,1087.740112,1092.852778,1077.377612,1082.536041,7328492
17-10-2022,1082.216553,1103.055661,1081.486155,1102.439369,9106089
18-10-2022,1099.586304,1101.982889,1069.845609,1075.049681,16729355
19-10-2022,1118.987305,1124.351124,1104.790244,1105.634748,12415820
20-10-2022,1138.456909,1153.955018,1114.627746,1120.470931,19247142
21-10-2022,1141.515503,1149.915022,1134.394211,1134.394211,8717053
24-10-2022,1128.276978,1148.910694,1126.177189,1144.756517,8243452
25-10-2022,1132.043091,1142.382771,1120.836207,1122.981638,3370033
27-10-2022,1114.559204,1140.78495,1112.93866,1140.78495,12233241
28-10-2022,1118.94165,1126.839103,1110.564954,1122.068633,12513059
31-10-2022,1153.179077,1157.219028,1122.730686,1125.264198,17609592
01-11-2022,1163.883789,1169.065039,1155.940694,1159.957944,12419943
02-11-2022,1154.868042,1186.891214,1144.893621,1186.891214,13963166
03-11-2022,1162.080566,1164.157655,1148.089017,1155.986349,8981896
04-11-2022,1166.417358,1168.425984,1152.676841,1154.868036,6693449
07-11-2022,1183.581543,1186.891095,1164.568492,1165.846598,12575815
09-11-2022,1189.904053,1191.593181,1175.022357,1182.782761,11789748
10-11-2022,1188.717163,1196.91129,1182.348971,1191.593113,11254205
11-11-2022,1174.337646,1185.316319,1170.0009,1182.326263,5966242
14-11-2022,1201.407959,1203.325179,1181.413354,1186.89128,12310132
15-11-2022,1195.587402,1206.064008,1189.242031,1200.928401,9043112
16-11-2022,1190.223755,1198.94277,1182.326302,1197.071193,7086433
17-11-2022,1183.399048,1194.17233,1178.377546,1191.456128,9716161
18-11-2022,1186.45752,1192.825591,1177.761206,1180.020864,6661451
21-11-2022,1185.818481,1190.999732,1173.698509,1189.972538,5303197
22-11-2022,1164.477173,1181.413135,1160.916467,1181.413135,6390268
23-11-2022,1170.936646,1172.511548,1157.903706,1161.783908,6611488
24-11-2022,1167.284546,1176.802542,1165.093352,1175.478673,6413408
25-11-2022,1177.350586,1184.152381,1163.244808,1171.370473,9389439
28-11-2022,1194.925659,1198.258033,1178.719972,1181.869897,7349922
29-11-2022,1235.987549,1242.150231,1142.154627,1190.954136,31527484
30-11-2022,1238.110107,1246.988991,1229.801874,1234.344011,11058913
01-12-2022,1246.852051,1253.288707,1231.719201,1238.247142,26164986
02-12-2022,1243.177246,1257.648161,1239.844872,1251.622407,9485801
05-12-2022,1242.652222,1254.452698,1232.814728,1246.235749,11589592
06-12-2022,1224.529419,1240.187277,1222.498093,1238.018904,14828536
07-12-2022,1228.067139,1231.1713,1214.737404,1216.609102,8594245
08-12-2022,1209.944336,1230.258437,1206.132597,1225.693478,8462111
09-12-2022,1209.373535,1216.56341,1205.196658,1214.280931,7757008
12-12-2022,1191.04541,1214.281104,1187.735737,1207.89009,12655763
13-12-2022,1192.871216,1197.390531,1180.043667,1180.272,9479842
14-12-2022,1198.303711,1201.955581,1189.949714,1192.871307,8333348
15-12-2022,1193.966919,1204.671737,1191.912652,1204.078266,7268947
16-12-2022,1177.008057,1193.73863,1173.652862,1188.032492,8688551
19-12-2022,1171.187744,1195.473453,1167.786907,1173.652913,15837349
20-12-2022,1186.571655,1188.717207,1171.689839,1178.21778,7729933
21-12-2022,1196.843018,1198.760237,1171.370486,1179.541793,7467588
22-12-2022,1179.815552,1201.955587,1175.980992,1196.477661,8527550
23-12-2022,1176.756958,1189.013857,1171.712635,1185.978159,7451122
26-12-2022,1142.24585,1182.554553,1137.703713,1170.137785,10257115
27-12-2022,1152.220215,1160.414342,1137.772122,1147.974874,5990242
28-12-2022,1161.646973,1163.51855,1148.203131,1154.936462,5763271
29-12-2022,1161.532837,1163.975064,1151.05623,1158.588423,7459393
30-12-2022,1161.007813,1163.564145,1152.882149,1153.566904,6930648
02-01-2023,1162.788086,1176.391675,1160.003541,1161.829476,7289476
03-01-2023,1175.889648,1177.304802,1163.244669,1164.066352,5316175
04-01-2023,1167.284546,1174.565705,1163.062026,1170.936536,7658932
05-01-2023,1149.709595,1169.110728,1147.632506,1167.261851,9264891
06-01-2023,1147.655396,1157.858149,1143.067616,1151.969321,13637099
09-01-2023,1158.086182,1163.130505,1149.595379,1153.407118,6349597
10-01-2023,1185.430298,1187.804182,1161.030607,1161.920753,10722753
11-01-2023,1167.900879,1189.630132,1162.240384,1189.630132,8047142
12-01-2023,1153.179077,1167.718457,1150.873656,1165.207766,11509553
13-01-2023,1128.276978,1156.077628,1125.2641,1152.585506,17688773
16-01-2023,1126.451172,1128.870578,1111.386784,1122.251352,20618583
17-01-2023,1115.723389,1131.951775,1107.917221,1128.779149,13623855
18-01-2023,1131.563965,1133.481185,1118.690772,1122.068788,10751000
19-01-2023,1129.692139,1137.178689,1123.141497,1129.144431,13448286
20-01-2023,1128.482544,1132.6366,1121.452416,1128.870504,11940054
23-01-2023,1115.061523,1129.829114,1112.596475,1129.829114,14930286
24-01-2023,1109.423706,1125.811962,1107.0043,1117.960272,10954118
25-01-2023,1102.873047,1115.517906,1089.817165,1113.851719,16488755
27-01-2023,1087.625977,1102.302403,1086.461976,1101.275329,12385018
30-01-2023,1066.992432,1089.817224,1055.260419,1088.470654,25830975
31-01-2023,1077.218018,1082.764407,1050.398796,1064.413289,21772103
01-02-2023,1074.524414,1089.954057,1068.658409,1087.374783,22691594
02-02-2023,1068.156372,1086.439024,1052.224542,1086.439024,19347800
03-02-2023,1062.244751,1071.853911,1054.963591,1058.159038,13662663
06-02-2023,1063.180664,1072.310581,1046.746766,1072.310581,24699575
07-02-2023,1055.169189,1059.528758,1052.590035,1056.789734,14837879
08-02-2023,1052.63562,1062.450293,1046.746792,1055.420286,15135435
09-02-2023,1073.657349,1077.286518,1053.137856,1055.876759,21160332
10-02-2023,1075.528809,1082.284961,1065.463104,1074.341987,13172763
13-02-2023,1066.672852,1075.003906,1059.665546,1075.003906,10790445
14-02-2023,1060.60144,1072.767055,1056.127767,1068.293381,10352493
15-02-2023,1085.594727,1087.329377,1060.738488,1063.614438,14321920
16-02-2023,1110.17688,1112.573585,1083.266497,1084.635888,33503591
17-02-2023,1109.309448,1124.716271,1107.026969,1118.165509,17264487
20-02-2023,1113.942871,1117.275365,1100.430568,1104.721671,11809520
21-02-2023,1102.165527,1118.30263,1100.202545,1116.134257,8836937
22-02-2023,1111.158569,1116.955992,1101.22967,1106.547968,13311592
23-02-2023,1085.959717,1109.286693,1084.202245,1107.437937,11024335
24-02-2023,1080.755737,1093.195327,1077.948371,1085.549028,9851910
27-02-2023,1088.151001,1093.834438,1080.984067,1082.810002,9434053
28-02-2023,1080.915527,1090.867248,1073.543203,1087.375005,11199715
01-03-2023,1060.236206,1080.527485,1056.173434,1075.551625,21994038
02-03-2023,1069.982422,1070.71282,1060.55571,1070.028064,11551145
03-03-2023,1061.833862,1073.520232,1059.802416,1066.832543,9333535
06-03-2023,1088.927124,1092.601936,1068.909818,1072.379119,14643807
08-03-2023,1099.563354,1106.821693,1095.591868,1095.591868,10171916
09-03-2023,1103.512085,1104.265304,1088.744375,1099.563299,15782657
10-03-2023,1076.989624,1103.306657,1075.095226,1102.895876,16235128
13-03-2023,1060.304688,1070.028075,1056.812445,1068.886896,13334091
14-03-2023,1042.866577,1070.028115,1038.529831,1063.180678,12771592
15-03-2023,1038.963501,1052.201831,1035.813697,1040.812257,16027522
16-03-2023,1021.205811,1049.166211,1016.8006,1042.684033,21728555
17-03-2023,1016.115784,1028.943333,1005.296859,1023.921952,18363159
20-03-2023,1014.837708,1028.007575,1010.090119,1024.720843,34014213
21-03-2023,1004.86322,1013.422547,995.1626537,1011.140068,19524589
22-03-2023,1036.110229,1038.073212,1012.052858,1012.943004,21400360
23-03-2023,1039.260254,1046.039228,1036.247377,1043.094814,10920094
24-03-2023,1026.113159,1036.201685,1023.944786,1035.33436,16249370
27-03-2023,1005.79895,1027.117362,1003.379544,1024.948989,12375945
28-03-2023,1021.433899,1028.94327,1004.383831,1012.281222,14054323
29-03-2023,1026.204468,1030.08467,1021.182965,1024.834956,12576424
31-03-2023,1020.132996,1024.743596,1009.359654,1022.095858,18804065
03-04-2023,1064.116455,1069.777071,1029.262976,1029.399903,28171201
05-04-2023,1064.299072,1072.310631,1056.7897,1070.484696,10293043
06-04-2023,1061.742676,1071.854023,1053.845344,1071.854023,16262928
10-04-2023,1068.863892,1074.592971,1058.227537,1058.227537,18435046
11-04-2023,1061.286133,1072.949682,1059.779694,1072.767113,12961408
12-04-2023,1066.535889,1068.65862,1060.921036,1065.463173,10542367
13-04-2023,1071.237793,1080.892596,1063.659958,1066.535787,18179087
17-04-2023,1075.277832,1079.979717,1069.11515,1074.136532,12378208
18-04-2023,1080.73291,1106.98148,1072.333392,1106.98148,17929479
19-04-2023,1068.361938,1085.092512,1061.811176,1085.092512,10405576
20-04-2023,1073.680054,1076.373314,1064.641422,1067.768405,12273475
21-04-2023,1070.963745,1076.875393,1064.595674,1074.638557,7007330
24-04-2023,1072.310547,1077.788472,1066.558647,1073.063766,7647317
25-04-2023,1076.419067,1086.872732,1071.853989,1084.179472,12936186
26-04-2023,1084.658813,1086.735902,1072.995384,1080.071034,9236126
27-04-2023,1078.290771,1089.246745,1074.615959,1086.005535,8617834
28-04-2023,1085.115356,1088.287982,1079.158065,1084.179568,9167125
02-05-2023,1104.950073,1106.502275,1087.26089,1087.374996,15565210
03-05-2023,1114.331177,1116.49955,1108.419528,1112.117161,12981805
04-05-2023,1104.767456,1116.134209,1101.549188,1116.134209,7061872
05-05-2023,1117.503662,1119.717678,1102.256707,1105.246763,8635233
08-05-2023,1114.650635,1123.597982,1112.025838,1114.308317,8746585
09-05-2023,1128.41394,1133.77776,1115.74614,1118.416579,9153782
10-05-2023,1131.90625,1135.215923,1124.465341,1129.829161,6464721
11-05-2023,1139.689575,1141.173193,1132.659447,1136.676698,10872255
12-05-2023,1132.248657,1145.578273,1130.536707,1140.762282,10557860
15-05-2023,1134.097412,1135.489745,1121.383968,1127.455365,6955341
16-05-2023,1136.334229,1143.318593,1128.984605,1136.631024,6833343
17-05-2023,1120.151367,1141.058816,1118.48506,1138.502483,8717229
18-05-2023,1113.532227,1125.264118,1108.830341,1124.351151,8798967
19-05-2023,1111.13562,1121.612227,1107.985695,1118.211269,10525531
22-05-2023,1114.741821,1116.567877,1104.196751,1111.135594,8050447
23-05-2023,1120.699097,1125.720599,1110.359538,1111.569181,7434906
24-05-2023,1120.493652,1126.633512,1119.078499,1123.278318,6092034
25-05-2023,1113.965942,1124.80781,1110.86178,1116.545218,8112254
26-05-2023,1113.828979,1117.960336,1102.91877,1111.067256,11487863
29-05-2023,1144.208862,1145.350042,1118.759153,1122.068706,12626260
30-05-2023,1150.645264,1154.936367,1144.528225,1150.827833,10010304
31-05-2023,1150.348633,1158.451475,1147.792179,1150.645308,11342504
01-06-2023,1127.500977,1145.738109,1123.438205,1141.241614,27107927
02-06-2023,1124.465332,1134.348589,1122.068747,1132.180216,14592692
05-06-2023,1120.790405,1133.412564,1118.873186,1128.003102,15800644
06-06-2023,1130.856201,1133.823436,1122.273993,1126.268422,10908682
07-06-2023,1131.814941,1135.62668,1123.894788,1133.68664,7493309
08-06-2023,1140.397095,1141.241599,1128.733546,1135.307129,10312545
09-06-2023,1141.081665,1148.933475,1137.132999,1143.980436,12071109
12-06-2023,1133.001953,1145.144748,1131.198718,1144.437171,5877018
13-06-2023,1134.006104,1136.311404,1125.264147,1130.057438,6391969
14-06-2023,1150.759521,1151.946464,1134.964737,1138.959166,11248016
15-06-2023,1164.910889,1166.348864,1149.001999,1150.827934,13277380
16-06-2023,1165.230469,1169.795427,1157.447122,1164.88803,11813494
19-06-2023,1176.574463,1178.856942,1168.722653,1168.722653,24171579
20-06-2023,1164.888062,1179.587309,1160.711184,1179.587309,6798554
21-06-2023,1167.307495,1170.457299,1157.218969,1162.948048,6921096
22-06-2023,1170.594238,1173.12775,1163.15333,1167.261744,6961603
23-06-2023,1157.447144,1174.702724,1155.84942,1166.805392,7619166
26-06-2023,1147.974854,1156.488477,1146.719448,1154.43421,6628570
27-06-2023,1139.210205,1148.271658,1136.083222,1144.437098,12641159
28-06-2023,1139.621094,1145.578264,1135.14742,1139.666736,9689466
30-06-2023,1154.708252,1158.519991,1140.260037,1147.176059,11354006
03-07-2023,1164.180542,1167.102135,1156.511422,1162.42307,11151555
04-07-2023,1194.058228,1196.934178,1166.50861,1167.741194,12154387
05-07-2023,1181.755615,1198.303618,1174.679846,1198.303618,8061643
06-07-2023,1179.815552,1190.999736,1175.844065,1190.999736,10248062
07-07-2023,1204.580444,1207.18242,1175.958112,1175.958112,19117987
10-07-2023,1202.229614,1216.540782,1199.67316,1202.868728,13375267
11-07-2023,1248.541138,1258.104778,1221.128566,1227.473817,33240016
12-07-2023,1262.076172,1264.495578,1249.705167,1256.689531,20069348
13-07-2023,1263.468384,1279.103418,1260.683719,1262.806449,18733835
14-07-2023,1252.170166,1277.733979,1249.54537,1270.8409,14682934
17-07-2023,1251.120239,1260.34144,1243.998828,1255.36558,15124144
18-07-2023,1276.684204,1285.060902,1245.322846,1253.996339,22220040
19-07-2023,1287.525879,1295.286284,1274.995005,1285.950977,25867313
20-07-2023,1297.294922,1303.754399,1276.821074,1291.88546,39122156
21-07-2023,1295.723877,1301.213636,1276.01484,1276.01484,38717624
24-07-2023,1255.613403,1293.275575,1248.120574,1290.357605,30249238
25-07-2023,1230.216797,1243.842484,1221.264982,1227.051537,23727866
26-07-2023,1229.425537,1239.020329,1226.556952,1233.481064,12026020
27-07-2023,1249.406372,1259.693647,1229.029726,1229.029726,12911012
28-07-2023,1237.783813,1255.069339,1231.67583,1253.288926,17226898
31-07-2023,1250.222534,1257.641225,1236.720493,1242.408156,20827852
01-08-2023,1260.806519,1263.106264,1245.326159,1250.222568,8551174
02-08-2023,1242.976929,1265.628689,1239.0698,1263.650372,9536632
03-08-2023,1229.69751,1242.383423,1218.445829,1240.998576,12748214
04-08-2023,1224.529175,1236.893661,1215.701004,1224.2325,10168350
07-08-2023,1241.171631,1244.361644,1222.402369,1235.854903,22885610
08-08-2023,1248.244141,1250.49438,1238.921272,1246.834541,5982870
09-08-2023,1240.72644,1253.486612,1236.225841,1250.296599,9844072
10-08-2023,1248.911865,1250.791291,1227.100986,1238.847247,11486586
11-08-2023,1254.475952,1261.177527,1240.627728,1248.788289,15470598
14-08-2023,1259.767822,1265.554498,1242.556556,1252.49753,22179330
16-08-2023,1274.654663,1277.152313,1248.812891,1255.737002,9575812
17-08-2023,1273.616089,1277.399694,1261.672045,1261.672045,10203112
18-08-2023,1255.242554,1275.075237,1252.695518,1269.634863,13673744
21-08-2023,1264.540527,1274.827802,1240.677073,1251.904001,18639978
22-08-2023,1250.742676,1268.337425,1248.583607,1260.644364,9221746
23-08-2023,1250.444824,1259.651704,1240.319813,1249.204008,7713044
24-08-2023,1251.834595,1262.083809,1249.228881,1252.827248,9517952
25-08-2023,1230.790405,1260.619553,1226.422708,1260.619553,14140020
28-08-2023,1225.107544,1243.297861,1212.327137,1218.977863,22222400
29-08-2023,1212.897827,1232.874968,1206.619346,1226.91905,12580826
30-08-2023,1201.283813,1217.712147,1195.228534,1217.017338,16876644
31-08-2023,1200.142212,1212.525533,1198.628392,1207.065942,12168946
01-09-2023,1194.657715,1203.591591,1191.133749,1202.598938,21638600
04-09-2023,1197.461914,1203.914158,1192.002323,1194.434396,18112842
05-09-2023,1196.494141,1202.921544,1193.814026,1197.461953,9347626
06-09-2023,1202.896851,1208.033757,1197.362738,1201.110027,8675876
07-09-2023,1205.428101,1209.125709,1199.745187,1201.656092,8200370
08-09-2023,1207.065918,1210.167958,1196.643063,1201.953731,13652572
11-09-2023,1215.106445,1218.977816,1202.574202,1211.036592,23109288
12-09-2023,1228.209473,1229.326207,1216.992446,1216.992446,13271074
13-09-2023,1210.465942,1232.378709,1209.026523,1232.378709,16255666
14-09-2023,1216.520996,1222.27831,1204.212076,1211.036564,12803338
15-09-2023,1217.637695,1223.841776,1213.518162,1220.963058,9209636
18-09-2023,1219.896118,1224.933784,1215.751743,1224.933784,25468592
20-09-2023,1209.274658,1216.496233,1207.09087,1211.061482,7516300
21-09-2023,1182.323975,1204.882108,1168.84876,1202.623799,57081884
22-09-2023,1173.712891,1186.269975,1171.330499,1178.750556,12226182
25-09-2023,1168.824097,1182.473076,1166.367305,1179.271794,19176786
26-09-2023,1161.627319,1171.677931,1158.972045,1166.565744,14254884
27-09-2023,1162.644653,1166.466343,1159.220049,1160.684188,10087782
28-09-2023,1175.747681,1177.1871,1160.659405,1163.141037,11722778
29-09-2023,1158.475586,1182.7459,1153.958967,1182.7459,14518346
03-10-2023,1163.88562,1175.847137,1158.47571,1162.2974,12342014
04-10-2023,1150.559082,1159.220075,1149.492029,1156.415758,8859056
05-10-2023,1148.573853,1150.981084,1139.11893,1146.01782,10286386
06-10-2023,1148.549072,1156.14277,1146.017759,1151.105105,10953682
09-10-2023,1150.484741,1153.859785,1147.531623,1150.013255,5431026
10-10-2023,1140.682251,1147.481899,1139.06919,1145.571115,7576878
11-10-2023,1145.719971,1150.435072,1143.412101,1144.801839,10236032
12-10-2023,1163.9104,1166.21827,1148.003113,1148.722762,9814118
13-10-2023,1166.069336,1171.007881,1160.485663,1163.314821,12554450
16-10-2023,1166.019897,1170.089751,1156.018846,1161.404037,10150316
17-10-2023,1163.414063,1168.62549,1159.41861,1163.885548,5929036
18-10-2023,1168.9729,1171.181529,1162.04917,1169.345145,7928180
19-10-2023,1153.462769,1174.804808,1151.973789,1168.972971,8918320
20-10-2023,1144.603271,1152.370854,1142.047239,1147.50683,12032556
23-10-2023,1141.104248,1148.846868,1139.71451,1141.550893,8913312
25-10-2023,1123.286133,1144.653013,1119.340361,1136.587708,7853962
26-10-2023,1120.680298,1132.219888,1113.260242,1116.759367,11620688
27-10-2023,1105.070923,1120.705207,1101.993723,1117.230922,15222534
30-10-2023,1124.576538,1128.398228,1109.761145,1111.771291,11771084
31-10-2023,1147.754883,1153.958963,1126.636169,1128.646315,16813304
01-11-2023,1135.545288,1155.448028,1133.063656,1155.448028,12808438
02-11-2023,1140.260376,1150.236586,1129.241953,1136.165683,10309190
03-11-2023,1151.57666,1153.611647,1145.496661,1148.47462,10562104
06-11-2023,1151.328491,1158.89747,1149.368026,1155.05094,8850156
07-11-2023,1160.907593,1161.403919,1154.256867,1157.58223,10647304
08-11-2023,1153.363403,1160.957222,1151.254016,1158.450749,6960204
09-11-2023,1159.368896,1161.90021,1152.345926,1157.433272,7884494
10-11-2023,1146.787109,1159.368912,1143.635388,1159.344193,14513610
13-11-2023,1148.946045,1149.665815,1140.583017,1144.305465,7734954
15-11-2023,1148.797241,1153.760506,1147.357822,1152.916654,3854810
16-11-2023,1169.568481,1172.298277,1154.951691,1161.403935,12220648
17-11-2023,1171.677856,1178.353423,1164.853368,1166.913195,13134910
20-11-2023,1169.121826,1177.90678,1167.384684,1167.806488,7758634
21-11-2023,1166.044678,1170.536335,1159.617153,1165.647592,4490186
22-11-2023,1180.710938,1185.227557,1171.429657,1174.308375,8214450
23-11-2023,1185.326904,1188.428945,1177.38568,1178.775419,8534814
24-11-2023,1188.950073,1191.183542,1185.326866,1185.326866,8531542
28-11-2023,1188.155884,1192.474021,1186.741426,1187.01443,6749486
29-11-2023,1188.404053,1191.034607,1178.899449,1188.155889,13792174
30-11-2023,1191.530884,1197.114556,1190.215667,1195.154091,12531306
01-12-2023,1179.991333,1191.530923,1176.244044,1188.552965,28439984
04-12-2023,1188.354492,1189.396705,1180.065864,1180.264346,14342842
05-12-2023,1201.209229,1215.999781,1190.48865,1215.999781,15590990
06-12-2023,1209.9198,1211.45846,1201.928896,1210.540208,12693624
07-12-2023,1221.509155,1227.390551,1208.554986,1214.560585,16422442
08-12-2023,1219.499023,1221.434648,1212.029286,1220.963162,8142096
11-12-2023,1218.85376,1229.251775,1213.51825,1222.874053,10204894
12-12-2023,1220.640503,1224.735196,1217.190937,1218.977761,7066138
13-12-2023,1203.120239,1223.419944,1201.184493,1220.963152,9197124
14-12-2023,1208.033691,1210.2176,1194.310314,1202.102615,10031182
15-12-2023,1223.022827,1228.383177,1212.351808,1217.985162,16972354
18-12-2023,1238.632446,1240.816234,1225.95128,1229.897052,15932152
19-12-2023,1251.239014,1258.137903,1236.324379,1238.63237,14165188
20-12-2023,1269.65271,1277.494571,1253.323497,1268.11405,16820604
21-12-2023,1254.291382,1289.878086,1250.742696,1276.080186,17736722
22-12-2023,1271.86145,1277.296201,1249.874163,1254.21702,13765454
26-12-2023,1273.102173,1280.968874,1264.46602,1270.397218,16541784
27-12-2023,1279.554443,1286.453333,1271.935784,1274.566338,7465664
28-12-2023,1283.922119,1290.399082,1277.09763,1281.514887,9204156
29-12-2023,1293.203369,1296.40465,1283.922089,1285.386228,12302636
01-01-2024,1282.979126,1297.397435,1280.17493,1295.958136,10864584
02-01-2024,1285.609741,1293.84881,1277.122509,1280.795398,4030540
03-01-2024,1296.255859,1297.893761,1277.048049,1283.003966,7448800
04-01-2024,1282.160156,1307.323883,1279.132516,1295.412048,9037536
05-01-2024,1288.786011,1295.337617,1280.075579,1284.492835,9612778
08-01-2024,1294.270508,1300.300947,1289.456165,1291.888117,8086406
09-01-2024,1284.17041,1306.306499,1275.03793,1295.412157,7734652
10-01-2024,1280.770386,1293.823795,1279.132484,1290.448751,5403074
11-01-2024,1315.314819,1319.732076,1278.065494,1279.033306,11102740
12-01-2024,1349.908813,1352.489687,1318.739486,1319.732139,23725852
15-01-2024,1360.654175,1363.235048,1335.862692,1349.908755,15012164
16-01-2024,1383.882202,1386.190072,1355.96384,1364.897716,8610594
17-01-2024,1364.525513,1386.041313,1360.430819,1379.762711,9069024
18-01-2024,1351.571411,1376.090012,1345.069607,1349.511705,12197382
19-01-2024,1357.899536,1360.927176,1341.322281,1341.471203,10279438
23-01-2024,1357.403198,1365.890429,1349.015329,1365.890429,10422704
24-01-2024,1318.813843,1361.671682,1312.833206,1361.671682,20055420
25-01-2024,1334.001465,1339.585138,1314.198087,1325.414993,21919128
29-01-2024,1343.133789,1354.127493,1325.390118,1333.083178,11808872
30-01-2024,1437.411133,1441.82839,1350.181756,1354.474932,23893438
31-01-2024,1397.283081,1449.248438,1394.10664,1449.223597,14093978
01-02-2024,1416.143433,1423.712411,1392.195682,1393.684661,15130226
02-02-2024,1416.168335,1432.745591,1407.631544,1424.456963,13349362
05-02-2024,1446.990234,1464.063939,1422.645516,1422.645516,19652588
06-02-2024,1428.452393,1459.696119,1421.007496,1450.017753,8814432
07-02-2024,1417.309937,1431.256638,1409.393432,1431.256638,9047984
08-02-2024,1431.554443,1438.850418,1418.749196,1425.375203,9296568
09-02-2024,1439.470825,1448.752106,1417.036893,1439.346744,14694634
12-02-2024,1450.0177,1461.160205,1440.289653,1443.317293,12556798
13-02-2024,1441.679443,1450.265915,1431.752914,1450.017752,6674430
14-02-2024,1454.335693,1468.133592,1443.317271,1444.80625,7715594
15-02-2024,1470.491211,1472.749521,1446.791623,1446.791623,7117888
16-02-2024,1459.79541,1473.816633,1455.750398,1472.451735,10006782
19-02-2024,1449.843994,1466.148367,1447.833969,1465.6272,9767498
20-02-2024,1463.17041,1468.630001,1442.845866,1451.308256,6729828
21-02-2024,1460.217285,1464.659383,1451.060086,1464.187897,7117496
22-02-2024,1456.916748,1477.588819,1446.841417,1463.17051,12720292
23-02-2024,1470.863525,1474.039966,1447.288018,1457.363469,18493728
26-02-2024,1482.651245,1486.547456,1472.451712,1478.556552,14438584
27-02-2024,1476.397461,1483.544635,1471.607959,1482.576822,7513106
28-02-2024,1474.734863,1488.929728,1467.190725,1472.129149,10826044
29-02-2024,1444.93042,1480.318521,1439.52051,1472.104294,8647950
01-03-2024,1450.067505,1468.1089,1443.838583,1454.236599,23628976
04-03-2024,1481.162231,1488.979373,1451.754889,1452.747542,12132926
05-03-2024,1496.325073,1501.337898,1476.298252,1479.524374,10024420
06-03-2024,1489.177979,1496.325153,1475.132036,1494.712092,7107668
07-03-2024,1491.957275,1497.913193,1467.63728,1482.477392,7805676
11-03-2024,1468.059326,1492.056639,1464.709122,1491.932557,8315726
12-03-2024,1455.824829,1478.06028,1452.747629,1478.06028,11277130
13-03-2024,1464.584961,1477.067523,1454.261346,1455.824726,9432678
14-03-2024,1421.65271,1472.203486,1417.285013,1468.902964,13522134
15-03-2024,1420.957764,1437.882544,1415.026687,1429.122309,18571102
18-03-2024,1407.805176,1422.69497,1402.519347,1415.473395,19223818
19-03-2024,1428.89917,1431.132639,1406.117832,1409.567277,9169392
20-03-2024,1414.778564,1427.037804,1406.837341,1418.25285,8275764
21-03-2024,1433.1427,1434.383516,1413.562645,1417.458735,8488806
22-03-2024,1440.314575,1447.188745,1434.060934,1441.853236,13006936
26-03-2024,1444.334839,1449.273263,1436.716179,1439.321893,19527608
27-03-2024,1430.983643,1441.729184,1428.42761,1434.383527,11415906
28-03-2024,1481.881836,1488.979328,1436.368725,1437.361378,16326644
01-04-2024,1474.93335,1494.88565,1467.786297,1481.906761,21854364
02-04-2024,1473.866211,1482.998569,1471.607901,1481.50959,5013880
03-04-2024,1476.025146,1483.023398,1464.162993,1473.096869,8910166
04-04-2024,1460.788086,1473.543652,1458.107971,1471.186102,7008292
05-04-2024,1452.176758,1468.878094,1439.346671,1468.878094,14490272
08-04-2024,1449.372437,1459.993895,1445.302584,1450.141767,7442298
09-04-2024,1475.057373,1480.020638,1450.265891,1452.226356,8357118
10-04-2024,1452.896484,1478.854383,1451.754909,1478.060212,7071414
12-04-2024,1468.704468,1476.074965,1455.576656,1455.576656,9138330
15-04-2024,1456.37085,1475.55382,1452.325716,1465.031723,15551012
16-04-2024,1454.062744,1471.235688,1435.698665,1450.265895,12902062
18-04-2024,1454.980957,1460.366147,1440.264927,1442.672037,9366184
19-04-2024,1453.566528,1475.08233,1448.628104,1452.747638,19005692
22-04-2024,1459.323975,1463.170505,1432.423103,1446.072081,15741778
23-04-2024,1468.977417,1471.930535,1457.016022,1461.631761,10350362
24-04-2024,1448.603271,1482.527236,1444.856103,1468.133767,14605554
25-04-2024,1439.520508,1457.760505,1438.850419,1452.74756,10462776
26-04-2024,1449.248413,1457.189636,1430.909175,1431.901828,15943926
29-04-2024,1441.878052,1454.236532,1439.346738,1453.194198,9413848
30-04-2024,1454.261353,1457.11523,1439.346718,1439.346718,7247974
02-05-2024,1456.221924,1472.178772,1452.12723,1457.214577,11474262
03-05-2024,1455.775146,1466.470884,1453.367915,1461.185056,14512646
06-05-2024,1423.464355,1464.113446,1405.745524,1460.192515,17226958
07-05-2024,1409.095703,1429.420248,1407.581883,1424.95331,7394208
08-05-2024,1391.178223,1410.311632,1381.772861,1405.57169,14517472
09-05-2024,1408.127808,1422.421912,1387.232416,1387.232416,9439002
10-05-2024,1383.882202,1413.289544,1379.787509,1402.618525,11009612
13-05-2024,1397.084595,1399.640628,1377.876664,1386.487976,10505096
14-05-2024,1392.394287,1396.637903,1373.831725,1389.614931,8456620
15-05-2024,1409.641602,1416.590172,1389.738982,1390.681954,7188300
16-05-2024,1405.869629,1419.468926,1402.643507,1410.063564,5046534
17-05-2024,1414.877808,1417.012036,1387.753615,1408.127841,14711774
21-05-2024,1425.151855,1426.640835,1402.866844,1412.594892,10916476
22-05-2024,1425.57373,1431.231804,1415.126034,1415.126034,11176128
23-05-2024,1449.918457,1457.983762,1425.722543,1425.722543,10281604
24-05-2024,1475.131958,1481.261517,1444.310036,1447.834002,14608260
27-05-2024,1469.374512,1477.563898,1465.254978,1472.724715,7094776
28-05-2024,1455.477417,1473.990419,1450.811997,1469.349718,6629010
29-05-2024,1445.501221,1467.637431,1442.076616,1457.214574,7820162
30-05-2024,1430.189575,1447.287998,1427.881584,1435.872489,7383556
31-05-2024,1414.38147,1429.817271,1409.666368,1424.953247,13206858
03-06-2024,1419.890747,1431.65366,1411.800602,1420.784159,31069832
04-06-2024,1499.228516,1503.37289,1448.280652,1472.104322,21527942
05-06-2024,1387.009155,1487.043779,1349.313184,1487.043779,36709098
06-06-2024,1410.311646,1420.63526,1373.930892,1411.552462,17464890
07-06-2024,1421.081909,1433.092985,1410.907217,1424.456953,17855722
10-06-2024,1459.150024,1461.185011,1416.019306,1418.004612,18558696
11-06-2024,1460.589478,1482.37816,1457.288834,1459.150058,9251760
12-06-2024,1445.972778,1462.847878,1443.987472,1458.207177,11774902
13-06-2024,1452.57373,1465.155654,1444.483706,1446.791576,10081742
14-06-2024,1454.484741,1461.433312,1449.372554,1461.185149,9181160
18-06-2024,1466.694458,1468.803846,1446.518713,1459.19988,8157998
19-06-2024,1470.143921,1476.472084,1460.539955,1476.422403,7196766
20-06-2024,1447.933228,1476.57124,1445.302673,1476.57124,8725874
21-06-2024,1462.872559,1471.955357,1439.445974,1448.280609,16113776
24-06-2024,1443.515869,1463.865255,1429.990973,1462.798201,31170360
25-06-2024,1430.884277,1438.850341,1426.938506,1434.90457,8878386
26-06-2024,1443.466309,1445.228292,1430.412898,1432.398204,7045386
27-06-2024,1502.901367,1507.814951,1434.507557,1435.425809,22014882
28-06-2024,1519.305054,1526.203943,1494.935375,1502.628435,28383030
01-07-2024,1553.898926,1569.384287,1519.776481,1519.776481,28957336
02-07-2024,1548.6875,1567.796069,1544.245402,1551.045051,7724306
03-07-2024,1553.675537,1561.939324,1545.560551,1557.968712,7749246
04-07-2024,1541.019287,1563.428379,1531.440162,1554.817066,9049620
05-07-2024,1542.607544,1555.983518,1539.406262,1545.560662,6837176
08-07-2024,1576.953247,1586.755695,1536.626722,1542.408877,12269710
09-07-2024,1589.138062,1596.980044,1570.898064,1577.325468,9500806
10-07-2024,1578.591187,1588.741039,1568.88798,1585.862321,6960002
11-07-2024,1572.585571,1585.763063,1551.665459,1583.281431,7134578
12-07-2024,1569.036865,1592.46345,1558.961414,1575.836514,11940946
15-07-2024,1584.993774,1593.356924,1562.932087,1572.858616,12924784
16-07-2024,1585.490112,1594.051744,1573.85128,1592.662006,5329688
18-07-2024,1564.669189,1588.244697,1557.596537,1581.792453,9386838
19-07-2024,1575.0177,1582.189594,1546.379565,1564.421081,12298374
22-07-2024,1543.724243,1578.293333,1541.391533,1574.347562,13140390
23-07-2024,1489.649536,1526.203933,1488.259798,1525.95577,19674376
24-07-2024,1476.968262,1494.687092,1452.25118,1489.97199,18052044
25-07-2024,1484.710938,1498.409596,1465.552809,1474.0896,11913362
26-07-2024,1481.435303,1489.450927,1466.222823,1470.119035,12519876
29-07-2024,1497.93811,1501.313155,1479.400268,1481.435255,9859940
30-07-2024,1508.931641,1516.277296,1500.667854,1500.841495,7538550
31-07-2024,1502.032837,1513.79575,1498.905956,1505.879367,8228208
01-08-2024,1494.364502,1499.352486,1490.120887,1492.949923,10057346
02-08-2024,1504.167114,1506.847229,1493.247931,1500.891311,10764222
05-08-2024,1488.309326,1498.235856,1482.303849,1493.94268,10268248
06-08-2024,1436.691406,1472.997761,1422.719864,1469.12639,17046704
07-08-2024,1445.352295,1466.644651,1440.661913,1444.458883,10236186
08-08-2024,1454.062744,1461.681404,1450.762222,1458.207118,8174568
09-08-2024,1438.478149,1454.236514,1435.301709,1446.816458,12387192
12-08-2024,1463.468262,1465.65205,1445.302665,1449.273276,6249776
13-08-2024,1449.893677,1462.177757,1447.0398,1459.199798,8184584
14-08-2024,1452.871704,1459.274267,1447.288031,1450.017827,6265064
16-08-2024,1451.109619,1461.18507,1443.019474,1452.797202,6267466
19-08-2024,1467.3396,1469.523509,1447.337739,1457.859836,9416902
20-08-2024,1482.479126,1492.339768,1474.610528,1476.602572,13797742
21-08-2024,1489.999023,1497.942396,1484.097666,1491.268976,8411808
22-08-2024,1492.713257,1501.87661,1484.072718,1487.309789,7769996
23-08-2024,1492.165405,1500.507089,1484.720165,1497.021012,10445782
26-08-2024,1494.008057,1505.312882,1492.464296,1497.768064,9249654
27-08-2024,1506.582886,1516.941539,1497.021099,1500.980262,8816114
28-08-2024,1494.481201,1507.454412,1493.485179,1504.491271,6251156
29-08-2024,1492.339844,1501.478273,1487.060878,1499.013143,9610286
30-08-2024,1514.874756,1530.88576,1488.056816,1497.120591,38335358
02-09-2024,1503.619751,1533.59999,1497.344764,1527.897788,41620730
03-09-2024,1510.218384,1520.726465,1500.631672,1504.864765,11240852
04-09-2024,1503.121704,1516.941509,1501.503168,1515.198471,10923800
05-09-2024,1508.525146,1511.463363,1493.534967,1494.730145,11983304
06-09-2024,1487.035889,1519.705458,1481.134531,1513.007235,16264168
09-09-2024,1458.997803,1491.044858,1455.810581,1486.562759,19394228
10-09-2024,1456.632324,1464.077686,1449.809598,1460.666262,9010298
11-09-2024,1455.71106,1466.194215,1451.7767,1454.690113,10768260
12-09-2024,1445.725952,1462.907332,1441.791714,1457.230055,9760202
13-09-2024,1473.91333,1480.088618,1440.123237,1451.203981,22349376
16-09-2024,1466.766846,1477.250001,1463.654277,1470.526853,8711328
17-09-2024,1465.496948,1475.009007,1458.923227,1471.672358,5481774
18-09-2024,1466.443237,1471.597578,1460.790764,1468.136426,5935328
19-09-2024,1457.628296,1476.104552,1454.739929,1464.152288,8574714
20-09-2024,1463.828613,1470.626414,1449.759803,1460.417189,16955902
23-09-2024,1480.014038,1489.052889,1465.521869,1468.136427,30897320
24-09-2024,1487.434326,1495.527005,1483.02688,1485.068774,8832314
25-09-2024,1483.450195,1494.53094,1481.956162,1482.578676,17137444
26-09-2024,1488.006958,1490.546863,1474.311656,1477.99701,7069002
27-09-2024,1491.991089,1498.017071,1482.130568,1484.720201,18818998
30-09-2024,1520.103882,1527.374769,1486.064782,1493.036936,20597478
01-10-2024,1470.701172,1518.908662,1468.534897,1513.355888,27008814
03-10-2024,1458.997803,1482.03081,1457.005759,1474.759923,16431642
04-10-2024,1401.378052,1443.634334,1396.49752,1430.860279,37757294
07-10-2024,1381.009399,1411.711728,1376.278295,1398.340206,37072876
08-10-2024,1365.272217,1390.944708,1355.959436,1387.956642,22181340
09-10-2024,1391.79126,1395.426764,1359.669552,1367.513225,17020808
10-10-2024,1369.131836,1395.401917,1367.040214,1391.965689,14310610
11-10-2024,1365.595947,1380.486427,1363.977412,1374.53522,22358646
14-10-2024,1366.641724,1377.772318,1363.379727,1364.550102,7980122
15-10-2024,1367.065063,1374.584956,1362.807045,1373.962443,12221432
16-10-2024,1338.678467,1366.243302,1335.366621,1353.120786,33762794
17-10-2024,1348.688477,1358.574044,1332.303963,1334.669515,20034438
18-10-2024,1351.029175,1363.006242,1346.671579,1360.267181,15543660
21-10-2024,1353.8927,1362.981401,1335.989108,1346.796044,12082452
22-10-2024,1363.753296,1368.53425,1352.323968,1361.686599,14067408
23-10-2024,1338.006104,1370.526246,1334.893535,1363.753247,15831960
24-10-2024,1333.200317,1352.074885,1329.689316,1332.179371,17214742
25-10-2024,1334.470337,1338.354725,1317.861621,1329.963313,22155934
28-10-2024,1322.567749,1339.002112,1316.741045,1338.155517,18597496
29-10-2024,1329.04187,1347.617704,1316.840601,1331.681353,10824350
30-10-2024,1334.669434,1337.856655,1315.04785,1322.816748,12008361
31-10-2024,1338.553955,1344.629665,1320.077699,1329.689335,11984423
01-11-2024,1326.751099,1337.65749,1320.874545,1334.669425,9331650
04-11-2024,1333.324829,1336.611629,1327.697281,1327.74713,2127335
05-11-2024,1296.970093,1334.669502,1279.987869,1332.52803,19796890
06-11-2024,1300.107544,1304.340637,1281.033699,1287.856425,16267479
07-11-2024,1320.077759,1323.016097,1295.027781,1304.788845,21625209
08-11-2024,1300.456177,1318.733157,1297.418261,1318.733157,9611974
11-11-2024,1278.643188,1296.472006,1269.927996,1292.487918,19814406
12-11-2024,1267.637085,1280.884226,1261.959808,1273.862222,9056552
13-11-2024,1269.18103,1284.17121,1262.457882,1270.475908,10671091
14-11-2024,1247.069336,1270.376152,1244.529431,1265.196887,14633633
18-11-2024,1262.557495,1267.537605,1246.123132,1248.613187,12612633
19-11-2024,1255.734741,1267.836433,1238.951795,1262.557468,13620611
21-11-2024,1236.710693,1276.402144,1230.236551,1255.734689,14183746
22-11-2024,1218.134888,1239.0015,1212.407761,1236.710722,19433843
25-11-2024,1260.366211,1263.802438,1217.586995,1224.50942,20471957
26-11-2024,1281.880249,1299.260783,1277.348301,1284.868315,28923341
27-11-2024,1290.545654,1292.687126,1279.091401,1289.798638,9247557
28-11-2024,1288.055542,1298.6632,1280.884233,1288.354397,9572746
29-11-2024,1265.744751,1291.442045,1264.001713,1284.818474,15027412
02-12-2024,1287.05957,1294.330579,1270.177046,1274.908151,13202307
03-12-2024,1303.942261,1306.133461,1271.969978,1282.876371,11024152
04-12-2024,1318.035889,1321.521965,1301.800682,1311.760902,16869482
05-12-2024,1303.74292,1323.11562,1298.862509,1320.725143,19608540
06-12-2024,1316.790894,1324.65937,1300.95412,1309.121451,16858723
09-12-2024,1306.332642,1318.633488,1304.788759,1318.633488,9037514
10-12-2024,1289.997925,1309.768937,1287.956031,1297.816673,14650002
11-12-2024,1279.73877,1289.748839,1275.107243,1284.12129,16043729
12-12-2024,1273.115234,1284.868342,1270.973884,1279.888232,11724373
13-12-2024,1257.876221,1273.115285,1255.585321,1264.947953,20906813
16-12-2024,1267.786621,1270.127249,1234.668888,1254.987762,28630222
17-12-2024,1263.254761,1275.904192,1261.511722,1269.92806,9486781
18-12-2024,1240.346191,1258.872175,1237.856137,1256.033537,17462791
19-12-2024,1248.264526,1254.937825,1235.714674,1235.714674,12670179
20-12-2024,1225.555176,1239.947766,1224.110993,1234.071212,14244653
23-12-2024,1200.505371,1234.569275,1196.720439,1219.130934,20312896
24-12-2024,1217.437744,1222.318155,1208.373847,1210.166735,10052824
26-12-2024,1217.885864,1228.64295,1216.142826,1217.437703,6734917
27-12-2024,1211.710571,1222.816119,1209.419672,1219.379892,10016178
30-12-2024,1216.192749,1223.015476,1212.158811,1213.453688,7000397
31-12-2024,1205.883789,1218.334064,1203.294156,1211.561187,8818766
01-01-2025,1210.614868,1214.250373,1201.351937,1203.194553,6405475
02-01-2025,1216.391846,1221.421805,1206.780209,1210.017281,5892590
03-01-2025,1236.860107,1239.499468,1215.14678,1216.391808,15486276
06-01-2025,1246.172974,1257.029638,1230.585205,1238.951814,15521102
07-01-2025,1213.154785,1256.979753,1210.166719,1248.961727,14816766
08-01-2025,1235.913818,1239.549323,1216.391812,1217.138829,10070505
09-01-2025,1260.46582,1265.993791,1240.395953,1244.031458,19346579
10-01-2025,1249.758545,1264.698874,1243.085246,1261.959814,12794704
13-01-2025,1236.959717,1251.750619,1231.083163,1248.862131,8120332
14-01-2025,1234.917847,1240.29639,1221.521399,1225.107054,13764861
15-01-2025,1233.822266,1248.364163,1222.368013,1239.150959,13095266
16-01-2025,1247.218628,1251.999582,1236.909825,1239.997469,9578856
17-01-2025,1261.411987,1269.928024,1246.322352,1253.892094,14117603
20-01-2025,1297.169189,1320.725133,1279.888233,1316.990051,29366277
21-01-2025,1300.256836,1310.764916,1295.07757,1310.764916,14040244
22-01-2025,1268.633179,1307.776892,1265.147102,1305.286837,14562976
23-01-2025,1272.019653,1277.796629,1263.653044,1273.214953,10273590
24-01-2025,1258.623169,1272.268621,1256.581275,1264.947884,8720682
27-01-2025,1241.342285,1267.936024,1238.553375,1260.96387,14235970
28-01-2025,1224.459595,1235.515414,1215.146814,1234.170809,9536019
29-01-2025,1229.489624,1239.798428,1213.652849,1233.075279,10568025
30-01-2025,1230.585205,1237.806365,1223.16489,1231.083216,5928156
31-01-2025,1248.06543,1251.999668,1227.497551,1230.635044,9269259
01-02-2025,1260.067383,1261.959849,1244.031453,1250.854179,6584612
03-02-2025,1259.569336,1265.49574,1236.063242,1260.067347,7118453
04-02-2025,1240.943848,1251.003646,1232.627088,1246.023536,9252345
05-02-2025,1280.087402,1283.673179,1241.640978,1243.085283,16691069
06-02-2025,1273.115234,1285.366353,1271.621201,1277.547605,10112028
07-02-2025,1276.452026,1282.87632,1265.296507,1268.633156,9956001
10-02-2025,1261.661011,1278.593385,1256.979756,1271.073492,8764283
11-02-2025,1248.662964,1261.461822,1240.59521,1259.469778,6970972
12-02-2025,1229.937744,1259.519671,1225.20664,1259.519671,8859714
13-02-2025,1211.710571,1222.019374,1188.602789,1214.598938,21131654
14-02-2025,1211.262329,1223.115015,1207.178663,1212.208623,8511216
17-02-2025,1212.407715,1219.130863,1200.654607,1214.150753,10298145
18-02-2025,1220.027344,1222.616977,1199.708471,1206.282192,8166683
19-02-2025,1220.525391,1225.00749,1211.262337,1219.97753,6673250
20-02-2025,1222.567139,1227.846104,1212.706618,1214.648813,6217338
21-02-2025,1228.095093,1234.419808,1217.138851,1219.081045,7795582
24-02-2025,1223.264404,1235.06724,1217.288272,1223.812143,6904025
25-02-2025,1209.718506,1218.383848,1205.684568,1211.71055,7172498
27-02-2025,1199.210449,1216.142823,1196.720394,1206.182603,11552182
28-02-2025,1202.298096,1210.166694,1195.873803,1207.975494,11509215
03-03-2025,1195.325928,1212.507307,1188.553051,1197.218394,23007298
04-03-2025,1166.590698,1201.650622,1151.401364,1199.210417,17944938
05-03-2025,1157.277954,1169.329796,1154.937327,1157.576688,11377373
06-03-2025,1170.923462,1178.294049,1152.397477,1156.381565,8664095
07-03-2025,1204.788208,1209.120879,1180.435518,1192.238355,14468014
10-03-2025,1244.828369,1249.808479,1207.178688,1211.162776,16474965
11-03-2025,1233.473633,1252.995639,1230.485567,1240.047354,11931051
12-03-2025,1242.338257,1244.529457,1224.858023,1235.067248,10089838
13-03-2025,1252.049438,1257.97572,1239.051303,1252.995611,11977555
17-03-2025,1242.935913,1259.121271,1238.901975,1255.037605,9505270
18-03-2025,1233.921753,1252.398009,1228.194627,1237.208674,16640917
19-03-2025,1233.921753,1233.921753,1233.921753,1233.921753,0
20-03-2025,1242.188843,1248.264553,1233.872084,1236.113133,16162399
21-03-2025,1264.101318,1267.935979,1245.077323,1246.870089,15971477
24-03-2025,1271.272583,1275.904109,1265.047446,1269.927978,21780769
25-03-2025,1296.920166,1300.804676,1279.141198,1285.864347,20299319
26-03-2025,1280.336426,1302.497915,1277.497787,1302.497915,13713899
27-03-2025,1267.98584,1288.653296,1263.702897,1285.864386,12074747
28-03-2025,1273.115234,1279.888232,1266.24278,1273.065506,15028056
01-04-2025,1270.027588,1290.595466,1263.951878,1274.90812,18147129
02-04-2025,1247.617065,1272.816469,1244.330266,1259.569329,12099648
03-04-2025,1246.172974,1250.555495,1238.951814,1242.587319,10142590
04-04-2025,1243.732666,1246.820432,1228.145018,1228.145018,7434366
07-04-2025,1199.907593,1240.495487,1188.403612,1236.162816,17908652
08-04-2025,1161.062744,1166.590715,1110.415052,1127.696009,22156106
09-04-2025,1177.497192,1191.839934,1158.672473,1167.337816,19555040
11-04-2025,1180.634644,1185.067014,1163.353686,1164.847719,10223104
15-04-2025,1214.100952,1217.786306,1190.395702,1190.395702,11224242
16-04-2025,1235.16687,1246.023534,1232.178804,1246.023534,13378535
17-04-2025,1234.370117,1235.963728,1224.111042,1229.19073,8248464
21-04-2025,1269.430054,1275.107331,1222.716597,1235.26645,15398401
22-04-2025,1290.346436,1295.724978,1261.95981,1264.947876,10429964
23-04-2025,1286.063599,1298.713151,1281.183188,1294.828641,13051707
24-04-2025,1294.828613,1300.804745,1280.286716,1291.840547,10480888
25-04-2025,1296.422241,1299.310729,1285.167265,1287.258887,10468940
28-04-2025,1295.227051,1319.928324,1282.975931,1298.314695,14431012
29-04-2025,1363.35498,1369.131835,1314.948213,1334.669498,31104496
30-04-2025,1394.131958,1405.287477,1364.550153,1365.546175,32538970
02-05-2025,1399.410889,1406.781476,1363.554097,1396.422823,25480745
05-05-2025,1414.1521,1421.024554,1403.494591,1408.375123,13007841
06-05-2025,1425.606323,1433.773655,1421.223802,1425.307468,12685649
07-05-2025,1415.247681,1426.303501,1404.988605,1425.307479,14084117
08-05-2025,1400.40686,1418.733689,1397.119939,1415.247612,13440169
09-05-2025,1401.402954,1415.148106,1392.438756,1398.514466,16106175
12-05-2025,1371.721436,1389.25152,1369.032225,1379.988467,13668904
13-05-2025,1430.785522,1433.275577,1394.430722,1394.430722,10674081
14-05-2025,1410.068237,1441.94094,1406.781438,1427.797477,11407896
15-05-2025,1418.733765,1424.211886,1409.869145,1414.351244,5570160
16-05-2025,1448.415161,1455.586593,1407.080248,1419.331367,20177211
19-05-2025,1450.606445,1455.188122,1441.54267,1447.419102,9036695
20-05-2025,1435.068481,1448.813511,1432.478727,1446.323457,6195791
21-05-2025,1418.932861,1439.251734,1416.144073,1432.478736,11270560
22-05-2025,1423.514526,1430.48668,1412.458707,1418.235683,6136364
23-05-2025,1403.793457,1418.136198,1391.343182,1415.546444,12134466
26-05-2025,1421.124268,1428.096422,1401.00455,1401.00455,6474883
27-05-2025,1429.092407,1435.267695,1419.430921,1426.303497,4842944
28-05-2025,1416.442871,1431.283623,1408.275539,1420.426959,12640414
29-05-2025,1407.279541,1416.940906,1405.08822,1414.450851,5944611
30-05-2025,1412.160034,1414.351234,1402.996559,1406.482636,13771917
02-06-2025,1415.247681,1424.909045,1404.092161,1412.359193,13788484
03-06-2025,1408.076294,1411.861226,1390.04832,1406.482683,8098668
04-06-2025,1399.908936,1420.825398,1397.817314,1416.642154,11252626
05-06-2025,1417.83728,1420.02848,1400.506474,1409.072238,8126827
06-06-2025,1436.662109,1448.913107,1417.936848,1422.319369,13716817
09-06-2025,1437.75769,1445.725866,1431.283548,1435.267636,8182161
10-06-2025,1443.036743,1451.702086,1439.550666,1451.204075,7885125
11-06-2025,1432.777588,1448.11635,1430.287533,1444.23184,7913181
12-06-2025,1443.13623,1462.757814,1437.359255,1440.048587,8195700
13-06-2025,1435.865234,1451.203997,1428.693925,1447.71792,8828114
16-06-2025,1422.219849,1429.789592,1408.673974,1418.335338,9757276
17-06-2025,1432.080444,1436.662121,1418.733726,1421.22378,8458093
18-06-2025,1425.506592,1442.239809,1420.12817,1442.239809,10366599
19-06-2025,1424.411011,1437.060563,1420.02849,1424.311433,6681735
20-06-2025,1427.598389,1434.17211,1420.028524,1424.411045,10007230
23-06-2025,1460.367432,1465.148386,1422.419017,1425.307505,29010635
24-06-2025,1451.004883,1457.977037,1436.263709,1447.219951,5989078
25-06-2025,1445.028687,1469.132369,1437.359245,1459.17215,16402744
26-06-2025,1461.463135,1466.542823,1454.690137,1458.176214,7525851
27-06-2025,1489.351685,1492.837761,1459.271748,1463.255836,14657893
30-06-2025,1509.371704,1515.945425,1490.945298,1493.435353,11117052
01-07-2025,1494.630615,1518.734421,1490.048938,1507.778179,8409527
02-07-2025,1522.320068,1525.308134,1494.132597,1494.630608,10368523
03-07-2025,1512.758301,1523.913699,1502.698381,1522.320088,6361002
04-07-2025,1511.762207,1525.806093,1506.981253,1514.750273,11283291
07-07-2025,1521.224487,1523.913698,1511.164568,1517.937566,6603501
08-07-2025,1535.36792,1538.654841,1518.933557,1520.527168,7251074
09-07-2025,1531.483398,1538.754408,1524.112811,1529.889788,7171261
10-07-2025,1512.957397,1544.830101,1504.092777,1530.586938,8870660
11-07-2025,1511.164551,1518.634716,1501.503186,1513.654606,10047129
14-07-2025,1489.252075,1508.97336,1484.371665,1505.985294,7234991
15-07-2025,1477.797729,1494.032936,1473.216053,1486.263916,10311846
16-07-2025,1479.491089,1490.546909,1476.503023,1480.287834,8132454
17-07-2025,1479.690186,1485.068728,1465.6463,1467.140333,10409983
18-07-2025,1470.526855,1483.674297,1468.036801,1481.483097,11854613
21-07-2025,1470.128418,1478.89346,1463.255842,1478.89346,10296318
22-07-2025,1422.916992,1470.128459,1417.438871,1459.172217,22442744
23-07-2025,1407.179932,1426.203928,1405.088188,1421.721829,20396320
24-07-2025,1418.932861,1420.327316,1408.773486,1420.327316,8354596
25-07-2025,1397.319214,1417.339231,1390.446638,1413.554299,14740507
28-07-2025,1386.163696,1395.426749,1378.593954,1393.335127,11854722
29-07-2025,1382.080078,1402.199795,1379.490445,1386.761454,7748361
30-07-2025,1411.462769,1414.550412,1377.498442,1377.498442,10750072
31-07-2025,1404.490601,1417.638164,1395.72568,1412.458777,7209849
01-08-2025,1384.669678,1397.020374,1376.701502,1382.578056,17065827
04-08-2025,1388.155762,1400.307303,1378.793253,1381.382885,10321171
05-08-2025,1405.88501,1410.466687,1386.163726,1389.550225,6312820
06-08-2025,1386.163696,1405.386969,1382.578042,1405.386969,9315972
07-08-2025,1387.259521,1390.347165,1377.797312,1386.363077,5834312
08-08-2025,1383.872925,1388.155746,1360.565987,1382.179615,9976705
11-08-2025,1362.358887,1391.641835,1359.569977,1379.490416,8793606
12-08-2025,1380.685669,1382.478557,1355.785119,1364.550161,9997486
13-08-2025,1374.908813,1396.323287,1369.729426,1376.402846,12244664
14-08-2025,1377.099976,1386.263451,1372.020288,1382.478519,7457021
18-08-2025,1373.800049,1380.699951,1370.099976,1377.300049,7126128
19-08-2025,1381.699951,1394.900024,1377,1390,11785109
20-08-2025,1420.099976,1421,1389.099976,1390,14384719
21-08-2025,1413,1424.900024,1410,1413,8725641
22-08-2025,1424.800049,1431.900024,1420.300049,1425,11021323
25-08-2025,1409.199951,1423.400024,1407.900024,1420,5818868
26-08-2025,1412.599976,1419.5,1405.699951,1414.699951,5979407
28-08-2025,1384.900024,1410,1381.599976,1408,12145259
29-08-2025,1385.900024,1392.199951,1366.5,1389.900024,13161813
01-09-2025,1357.199951,1403.5,1350,1381.099976,18758842
02-09-2025,1353.900024,1363.199951,1340.599976,1356,11232238
03-09-2025,1366.5,1384.5,1354.5,1354.800049,11517006
04-09-2025,1372.599976,1376.5,1360.5,1369.699951,7847563
05-09-2025,1359.300049,1374,1357.099976,1371.800049,13223177
08-09-2025,1375,1381,1359.300049,1363,5777575
09-09-2025,1378.5,1386,1372.400024,1380,6986720
10-09-2025,1376.199951,1381.199951,1368.699951,1376.599976,9754452
11-09-2025,1377,1388.5,1374.099976,1383.900024,7790815
12-09-2025,1383.300049,1385.5,1375,1376,9766072
15-09-2025,1395,1396.300049,1380.5,1383.300049,7403368
16-09-2025,1399.300049,1400.800049,1388.599976,1393,5396697
17-09-2025,1405.300049,1408,1398.199951,1404.699951,8686961
18-09-2025,1413.800049,1416.199951,1406.900024,1407,7519417
19-09-2025,1415,1422,1410.699951,1420.400024,9332642
22-09-2025,1407.400024,1417,1403.599976,1414.900024,13461373
23-09-2025,1390.599976,1410.699951,1388,1403.900024,7757970
24-09-2025,1389.800049,1395,1376.800049,1391,14014702
25-09-2025,1383,1396,1380.400024,1385.300049,5922759
26-09-2025,1372.400024,1384.5,1369,1381.300049,11411143
29-09-2025,1377.599976,1382.699951,1366,1372,9879109
30-09-2025,1372.800049,1389,1368,1381.599976,14231999
01-10-2025,1364,1377.099976,1362.800049,1377.099976,14604684
03-10-2025,1368.699951,1378.599976,1362.699951,1367,12045916
06-10-2025,1363.400024,1371.599976,1356.900024,1363.199951,12842347
07-10-2025,1375,1377.400024,1359,1360,12396580
08-10-2025,1384.800049,1395.900024,1375.900024,1376,11244040
09-10-2025,1367.400024,1389,1364.5,1384.800049,8525081
10-10-2025,1377.800049,1380,1369.099976,1374,8826633
13-10-2025,1381.699951,1388,1375.099976,1377.800049,6373084
14-10-2025,1375,1377.699951,1367.800049,1376.900024,7600682
15-10-2025,1375.900024,1388,1370.099976,1380,9768174
16-10-2025,1374.300049,1384,1372.699951,1383,10882743
17-10-2025,1398.300049,1400.5,1375,1375.099976,12315932
20-10-2025,1416.800049,1423.300049,1399.099976,1401,19335561
21-10-2025,1466.800049,1473.800049,1433.300049,1440,24721978
23-10-2025,1465.199951,1474,1460,1468,2066169
24-10-2025,1448.400024,1482.900024,1444.599976,1475,18707090
27-10-2025,1451.599976,1459.800049,1441,1450,9700837
28-10-2025,1484.099976,1485,1458,1463,14113867
29-10-2025,1486.900024,1492,1477.599976,1484.099976,17631577
30-10-2025,1504.199951,1508.300049,1488.099976,1490,11884745
31-10-2025,1488.5,1503.099976,1484,1500,9318663
03-11-2025,1486.400024,1497.5,1482.300049,1490.400024,8758053
04-11-2025,1484.699951,1495,1479.300049,1486,8452085
06-11-2025,1473.099976,1492.800049,1470.099976,1483.900024,10007806
07-11-2025,1496.099976,1501.599976,1476.199951,1484,16772678
10-11-2025,1478,1498.400024,1475.900024,1494.599976,7821765
11-11-2025,1489.300049,1501,1475.5,1477.900024,7068438
12-11-2025,1493.400024,1498.800049,1480.199951,1497,7127506
13-11-2025,1511.5,1524.699951,1500,1505,12384459
14-11-2025,1510.900024,1522.099976,1506.800049,1515,7196443
17-11-2025,1518.900024,1520.900024,1505.5,1505.5,7682823
18-11-2025,1518.300049,1523.699951,1511.5,1520.900024,5871416
19-11-2025,1519.400024,1527.800049,1510.5,1521.699951,11045042
20-11-2025,1518.900024,1522.300049,1512,1517.400024,5692366
21-11-2025,1549.099976,1550.900024,1526.699951,1530,18171724
24-11-2025,1546.599976,1557.800049,1540.099976,1541,9615271
25-11-2025,1535.900024,1550,1531.800049,1550,18433951
26-11-2025,1539.699951,1559.599976,1525.099976,1535.900024,15033482
27-11-2025,1569.900024,1571.599976,1540.5,1542.300049,14054299
28-11-2025,1563.400024,1575.5,1556,1575,9794643
01-12-2025,1567.5,1581.300049,1563,1568,8959508
02-12-2025,1566.099976,1577.5,1563.599976,1575,8920233
03-12-2025,1546.300049,1567.5,1542,1561.099976,11389150
04-12-2025,1538.800049,1552.400024,1533,1545.199951,6090883
05-12-2025,1535.599976,1560.5,1517.599976,1536,11867930
08-12-2025,1540.599976,1545.800049,1520.599976,1530.400024,10183266
09-12-2025,1543,1551,1535,1539.199951,11301491
10-12-2025,1529.400024,1542.5,1520.099976,1540.300049,11503971
11-12-2025,1536.900024,1547.5,1531.400024,1534,7991629
12-12-2025,1545,1550,1524,1536.900024,4706197
15-12-2025,1556.5,1559.800049,1546.099976,1550.800049,5106655
16-12-2025,1556.199951,1558.599976,1546.5,1551.199951,5774543
17-12-2025,1542.300049,1551.699951,1538.800049,1545,11731856
18-12-2025,1544.400024,1550,1539.300049,1550,7116649
19-12-2025,1544.400024,1551.5,1535.199951,1535.199951,6580829
22-12-2025,1565.099976,1574.199951,1551,1554.400024,13937275
23-12-2025,1575.400024,1577.5,1565.300049,1573.5,10184852
24-12-2025,1570.699951,1580.900024,1568.099976,1580.900024,7506564
26-12-2025,1558.199951,1575.699951,1553.599976,1572.699951,8815745
29-12-2025,1559.199951,1561,1554.300049,1554.699951,2311495
30-12-2025,1545.599976,1558.099976,1543.599976,1554.900024,5972105
31-12-2025,1539.800049,1553.599976,1537.800049,1547,8815884
01-01-2026,1570.400024,1577,1541,1541,5771830
02-01-2026,1575.599976,1592.5,1571.099976,1573.699951,6408128
05-01-2026,1592.300049,1594.599976,1578.199951,1580,6602230
06-01-2026,1578.099976,1611.800049,1575.300049,1593,8704973
07-01-2026,1507.599976,1569,1496.300049,1569,27417125
08-01-2026,1504.199951,1520,1498,1510,11199340
09-01-2026,1470.599976,1503.900024,1468.800049,1500,16518684
12-01-2026,1475.300049,1479.900024,1465,1465,8335311
13-01-2026,1483.199951,1485.300049,1451,1475.300049,8883745
14-01-2026,1452.800049,1485.800049,1444.699951,1485,13499760
15-01-2026,1458.800049,1467,1440.199951,1444,8321764
16-01-2026,1458.800049,1458.800049,1458.800049,1458.800049,0
19-01-2026,1457.900024,1480,1455.099976,1458.800049,17167161
20-01-2026,1413.599976,1450.599976,1403.300049,1450.599976,20392765
21-01-2026,1394,1416,1390,1410.699951,13189498
22-01-2026,1404.599976,1412.900024,1373,1389.5,17352720
23-01-2026,1402.5,1419.5,1395,1410.099976,15721693
27-01-2026,1386.099976,1407,1381,1401.800049,9837802
28-01-2026,1380.5,1391.599976,1368,1380,26302396
29-01-2026,1396.699951,1409.900024,1384.900024,1385,11121657
30-01-2026,1391,1402.900024,1384,1402.900024,20846683
02-02-2026,1395.400024,1398,1378.5,1382.599976,11239835
03-02-2026,1390.400024,1392.900024,1335.5,1340,15711165
04-02-2026,1437.099976,1489.5,1430.199951,1473.900024,25456171
05-02-2026,1456.800049,1464,1440.300049,1444,8333387
06-02-2026,1443.400024,1461.5,1439.5,1457,11763658
09-02-2026,1450.800049,1452.800049,1433.5,1441.5,8277304
10-02-2026,1461.599976,1465.900024,1453,1458,5775864
11-02-2026,1458.5,1471,1452.199951,1471,10259630
12-02-2026,1468.699951,1470,1453.599976,1459.599976,7106877
13-02-2026,1448.900024,1473,1445.5,1470,11135399
16-02-2026,1419.599976,1450.699951,1416.300049,1445.5,10755693
17-02-2026,1437.099976,1439.599976,1409.300049,1420.099976,5896514
18-02-2026,1423,1431.800049,1418.599976,1431.099976,10731630
19-02-2026,1441.300049,1442.099976,1419.199951,1427,5521096
20-02-2026,1409.5,1443,1400,1443,11884664
23-02-2026,1419.400024,1427.400024,1406.099976,1409.5,8177670
24-02-2026,1428,1434.900024,1418.300049,1425,7758856
25-02-2026,1428.800049,1433.300049,1415,1425.300049,12529409
26-02-2026,1398.5,1440.5,1393.5,1435,10728792
27-02-2026,1406.800049,1412.900024,1391.900024,1398.5,16683858
02-03-2026,1393.900024,1410.400024,1388.099976,1398,12031440
04-03-2026,1358,1378.599976,1341.5,1375.5,23728722
05-03-2026,1345,1352.800049,1307,1330,32495007
06-03-2026,1389.400024,1399,1353.099976,1353.099976,25957532
,1404.800049,1424.300049,1390.300049,1396.5,19311019
